Workbook

Sheet Read_Me
A1: IRD gene-specific allele-frequency cut-offs (BA1 / BS1 / PM2_Supporting) — Whiffin maximum-credible-AF method, Indian parameters
A2: Prepared for ARIDE-CAP variant curation · built 23-Sep-2026 · all thresholds are LIVE formulas driven by the 'Inputs' sheet
A4: WHAT THIS WORKBOOK DOES
A5: For each IRD gene it asks: 'Given how common IRD is in India, how much of it this gene causes, and how penetrant it is, what is the highest population allele frequency a pathogenic variant could credibly have?' (Whiffin et al., Genet Med 2017). Variants above that ceiling are too common to be pathogenic.
A7: SHEETS
A8: Inputs — all editable parameters (prevalence, penetrance, allelic shares, floor, inbreeding coefficient, data-source switch).
A9: Gene_Thresholds — one row per gene × inheritance mode (225 rows); BA1, BS1, PM2_Supporting cut-offs + comparison to published ClinGen specifications.
A10: Indian_Gene_Shares — within-phenotype gene shares from the Indian IRD literature (Hum Genomics 2026;20:42) → converted to each gene's share of ALL Indian IRD.
A11: Phenotype_Mix — share of each IRD phenotype among clinically reported Indian IRD cases (same source).
A12: ARIDE_Cohort — EMPTY input sheet: enter solved-family counts per gene from the ARIDE-CAP cohort; flip the switch on Inputs to use them instead of literature values.
A13: Published_Specs — existing gene-specific specifications (ClinGen VCEPs, ABCA4, Japan IRD) for sanity-checking.
A14: Methods — formulas and reasoning. References — full citations.
... A28: 5. Prevalence anchors are population-based RP prevalence in adults ≥40 y; total IRD prevalence is back-calculated using the RP share of the phenotype mix.

Sheet Inputs
A1: Model inputs (edit yellow cells only)
A3: 1. Indian IRD prevalence
A4: RP prevalence — Tamil Nadu (Chennai, ≥40 y) | B4: 0.0017 | C4: Sen P et al. Ophthalmic Epidemiol 2008;15(4):279-81 (0.17%)
A5: RP prevalence — Central India (CIEMS, ≥30 y) | B5: 0.0013 | C5: Nangia V et al. Acta Ophthalmol 2012;90(8):e649-50 (0.13%, ~1 in 750)
A6: RP prevalence — Andhra Pradesh (APEDS) | B6: 0.001 | C6: APEDS, as summarised in Front Genet 2022;13:858556 (~1 in 1,000)
A7: RP share of all IRD (from Phenotype_Mix) | B7: =INDEX(Phenotype_Mix!$D:$D,MATCH("RP",Phenotype_Mix!$A:$A,0)) -> 0.76928191 | C7: Converts RP prevalence into total IRD prevalence
A8: IRD prevalence — point estimate (P) | B8: =AVERAGE(B4:B6)/B7 -> 0.0017332181 | C8: Mean RP prevalence ÷ RP share. Used for PM2 (conservative direction).
A9: IRD prevalence — upper estimate (P_upper) | B9: =MAX(B4:B6)/B7 -> 0.0022098531 | C9: Highest RP prevalence ÷ RP share. Used for BS1 and BA1 (conservative direction).
A10: = 1 in … (point) | B10: =1/B8 -> 576.96144
A11: = 1 in … (upper) | B11: =1/B9 -> 452.51877
A13: 2. Penetrance
A14: Penetrance — autosomal recessive (biallelic) | B14: 1 | C14: Whiffin default for fully penetrant recessive disease. Lower it for genes with known hypomorphs → raises cut-offs.
A15: Penetrance — autosomal dominant | B15: 0.5 | C15: Conservative (as Whiffin 2017 used for HCM); AD IRD shows variable expressivity (e.g. PRPF31).
A16: Penetrance — X-linked (hemizygous males) | B16: 1
A18: 3. Allelic contribution & criterion spacing
A19: BA1 multiplier (BA1 = BS1 × this) | B19: 10 | C19: Both ClinGen retina VCEPs set BA1 = 10 × BS1 (RPE65: 8e-3 vs 8e-4; RS1: 2e-4 vs 2e-5).
A20: Allelic share for BS1 (default; per-gene override on Gene_Thresholds) | B20: 0.5 | C20: Whiffin 'maximum allelic contribution'. Founder-rich, consanguineous Indian cohorts → one allele can dominate; 0.5 is conservative.
A21: Allelic share for PM2_Supporting | B21: 0.05 | C21: A variant explaining ≤5% of the gene's pathogenic alleles counts as 'rare' (gives PM2 ≈ BS1/10, as in the RS1 VCEP).
A23: 4. Guard-rails
A24: Gene-contribution floor (min share of all IRD) | B24: 0.01 | C24: Applied when Indian data are missing or smaller. Raising it makes cut-offs more lenient (safer for BA1/BS1).
A25: Inbreeding coefficient F (applied to PM2 of AR genes only) | B25: 0 | C25: South Indian average F ≈ 0.01–0.02. F>0 lowers the PM2 cut-off (stricter, i.e. conservative). Not applied to BA1/BS1.
A26: BA1 cap (ACMG default) | B26: 0.05 | C26: BA1 never exceeds 5% (Richards et al. 2015).
A28: 5. Data source
A29: Gene-contribution source | B29: Indian literature | C29: Choose 'Indian literature' or 'ARIDE cohort'.
A30: Minimum ARIDE solved families before switch takes effect | B30: 50 | C30: Protects against tiny-sample shares.

Sheet Gene_Thresholds
A1: Whiffin-based allele-frequency cut-offs for IRD genes — Indian parameters
A2: Compare against gnomAD grpmax FAF95 (+ SAS / IndiGen / GenomeIndia); X-linked rows = hemizygous male AF. BA1/BS1: AF ≥ cut-off. PM2_Supporting: AF ≤ cut-off or absent. Columns V–X give the value to USE: the published ClinGen/expert specification where one exists, otherwise this workbook's calculation.
A4: Gene | B4: Inheritance | C4: Phenotype group | D4: Gene share of Indian IRD — literature | E4: Gene share — ARIDE cohort | F4: Gene share USED (g) | G4: g basis | H4: Penetrance — default | I4: Penetrance — override | J4: Penetrance used | K4: Allelic share BS1 — override | L4: Allelic share BS1 used | M4: Max credible total pathogenic AF, Q (upper P, F=0) | N4: Q (point P, with F) | O4: Calc BS1 (≥) | P4: Calc BA1 (≥) | Q4: Calc PM2_Sup (≤) | R4: Published BA1 | S4: Published BS1 | T4: Published PM2 | U4: Recommended source | V4: RECOMMENDED BA1 (≥) | W4: RECOMMENDED BS1 (≥) | X4: RECOMMENDED PM2_Sup (≤) | Y4: Calc vs published BS1 | Z4: Frequency metric to compare | AA4: Published specification (text) | AB4: Notes
A5: ABCA4 | B5: AR | C5: MD/STGD,CRD | D5: =SUMIF(Indian_Gene_Shares!$B$5:$B$47,A5,Indian_Gene_Shares!$G$5:$G$47) -> 0.10130897 | E5: =IFERROR(INDEX(ARIDE_Cohort!$C$6:$C$207,MATCH(A5,ARIDE_Cohort!$A$6:$A$207,0)),0) -> 0 | F5: =MAX(Inputs!$B$24,IF(AND(Inputs!$B$29="ARIDE cohort",ARIDE_Cohort!$B$3>=Inputs!$B$30),E5,D5)) -> 0.10130897 | G5: =IF(AND(Inputs!$B$29="ARIDE cohort",ARIDE_Cohort!$B$3>=Inputs!$B$30),IF(E5>Inputs!$B$24,"ARIDE cohort","Floor (ARIDE share below floor)"),IF(D5>Inputs!$B$24,"Indian literature",IF(D5>0,"Floor (Indian share below floor)","Floor (no Indian data)"))) -> Indian literature | H5: =IF(B5="AR",Inputs!$B$14,IF(B5="AD",Inputs!$B$15,Inputs!$B$16)) -> 1 | J5: =IF(I5="",H5,I5) -> 1 | L5: =IF(K5="",Inputs!$B$20,K5) -> 0.5 | M5: =IF(B5="AR",SQRT(Inputs!$B$9*F5/J5),IF(B5="AD",Inputs!$B$9*F5/(2*J5),2*Inputs!$B$9*F5/J5)) -> 0.014962551 | N5: =IF(B5="AR",IF(Inputs!$B$25=0,SQRT(Inputs!$B$8*F5/J5),(-Inputs!$B$25+SQRT(Inputs!$B$25^2+4*(1-Inputs!$B$25)*Inputs!$B$8*F5/J5))/(2*(1-Inputs!$B$25))),IF(B5="AD",Inputs!$B$8*F5/(2*J5),2*Inputs!$B$8*F5/J5)) -> 0.013251058 | O5: =MIN(Inputs!$B$26,M5*L5) -> 0.0074812756 | P5: =MIN(Inputs!$B$26,O5*Inputs!$B$19) -> 0.05 | Q5: =MIN(O5,N5*Inputs!$B$21) -> 0.00066255291 | S5: 0.0163 | T5: 0.0001 | U5: =IF(COUNT(R5:T5)>0,"Published spec (+calc where blank)","Calculated (this workbook)") -> Published spec (+calc where blank) | V5: =IF(R5="",MAX(P5,W5),R5) -> 0.05 | W5: =IF(S5="",O5,S5) -> 0.0163 | X5: =IF(T5="",Q5,T5) -> 0.0001 | Y5: =IF(S5="","",IF(O5<S5,"Calc STRICTER (lower)","Calc more lenient (higher)")) -> Calc STRICTER (lower) | Z5: =IF(B5="XL","Hemizygous male AF (grpmax)","grpmax FAF95; check SAS, IndiGen, GenomeIndia") -> grpmax FAF95; check SAS, IndiGen, GenomeIndia | AA5: Cornelis et al. 2023: BS1 >0.0163 any gnomAD pop; PM2_Sup <1e-4 | AB5: Hypomorphic alleles (e.g. c.5603A>T) exceed BS1 yet are pathogenic in trans with severe alleles — do not apply BS1 to them.
A6: ABHD12 | B6: AR | C6: USH-like (PHARC) | D6: =SUMIF(Indian_Gene_Shares!$B$5:$B$47,A6,Indian_Gene_Shares!$G$5:$G$47) -> 0 | E6: =IFERROR(INDEX(ARIDE_Cohort!$C$6:$C$207,MATCH(A6,ARIDE_Cohort!$A$6:$A$207,0)),0) -> 0 | F6: =MAX(Inputs!$B$24,IF(AND(Inputs!$B$29="ARIDE cohort",ARIDE_Cohort!$B$3>=Inputs!$B$30),E6,D6)) -> 0.01 | G6: =IF(AND(Inputs!$B$29="ARIDE cohort",ARIDE_Cohort!$B$3>=Inputs!$B$30),IF(E6>Inputs!$B$24,"ARIDE cohort","Floor (ARIDE share below floor)"),IF(D6>Inputs!$B$24,"Indian literature",IF(D6>0,"Floor (Indian share below floor)","Floor (no Indian data)"))) -> Floor (no Indian data) | H6: =IF(B6="AR",Inputs!$B$14,IF(B6="AD",Inputs!$B$15,Inputs!$B$16)) -> 1 | J6: =IF(I6="",H6,I6) -> 1 | L6: =IF(K6="",Inputs!$B$20,K6) -> 0.5 | M6: =IF(B6="AR",SQRT(Inputs!$B$9*F6/J6),IF(B6="AD",Inputs!$B$9*F6/(2*J6),2*Inputs!$B$9*F6/J6)) -> 0.0047009074 | N6: =IF(B6="AR",IF(Inputs!$B$25=0,SQRT(Inputs!$B$8*F6/J6),(-Inputs!$B$25+SQRT(Inputs!$B$25^2+4*(1-Inputs!$B$25)*Inputs!$B$8*F6/J6))/(2*(1-Inputs!$B$25))),IF(B6="AD",Inputs!$B$8*F6/(2*J6),2*Inputs!$B$8*F6/J6)) -> 0.0041631936 | O6: =MIN(Inputs!$B$26,M6*L6) -> 0.0023504537 | P6: =MIN(Inputs!$B$26,O6*Inputs!$B$19) -> 0.023504537 | Q6: =MIN(O6,N6*Inputs!$B$21) -> 0.00020815968 | U6: =IF(COUNT(R6:T6)>0,"Published spec (+calc where blank)","Calculated (this workbook)") -> Calculated (this workbook) | V6: =IF(R6="",MAX(P6,W6),R6) -> 0.023504537 | W6: =IF(S6="",O6,S6) -> 0.0023504537 | X6: =IF(T6="",Q6,T6) -> 0.00020815968 | Y6: =IF(S6="","",IF(O6<S6,"Calc STRICTER (lower)","Calc more lenient (higher)")) | Z6: =IF(B6="XL","Hemizygous male AF (grpmax)","grpmax FAF95; check SAS, IndiGen, GenomeIndia") -> grpmax FAF95; check SAS, IndiGen, GenomeIndia
A7: ADAM9 | B7: AR | C7: CRD | D7: =SUMIF(Indian_Gene_Shares!$B$5:$B$47,A7,Indian_Gene_Shares!$G$5:$G$47) -> 0 | E7: =IFERROR(INDEX(ARIDE_Cohort!$C$6:$C$207,MATCH(A7,ARIDE_Cohort!$A$6:$A$207,0)),0) -> 0 | F7: =MAX(Inputs!$B$24,IF(AND(Inputs!$B$29="ARIDE cohort",ARIDE_Cohort!$B$3>=Inputs!$B$30),E7,D7)) -> 0.01 | G7: =IF(AND(Inputs!$B$29="ARIDE cohort",ARIDE_Cohort!$B$3>=Inputs!$B$30),IF(E7>Inputs!$B$24,"ARIDE cohort","Floor (ARIDE share below floor)"),IF(D7>Inputs!$B$24,"Indian literature",IF(D7>0,"Floor (Indian share below floor)","Floor (no Indian data)"))) -> Floor (no Indian data) | H7: =IF(B7="AR",Inputs!$B$14,IF(B7="AD",Inputs!$B$15,Inputs!$B$16)) -> 1 | J7: =IF(I7="",H7,I7) -> 1 | L7: =IF(K7="",Inputs!$B$20,K7) -> 0.5 | M7: =IF(B7="AR",SQRT(Inputs!$B$9*F7/J7),IF(B7="AD",Inputs!$B$9*F7/(2*J7),2*Inputs!$B$9*F7/J7)) -> 0.0047009074 | N7: =IF(B7="AR",IF(Inputs!$B$25=0,SQRT(Inputs!$B$8*F7/J7),(-Inputs!$B$25+SQRT(Inputs!$B$25^2+4*(1-Inputs!$B$25)*Inputs!$B$8*F7/J7))/(2*(1-Inputs!$B$25))),IF(B7="AD",Inputs!$B$8*F7/(2*J7),2*Inputs!$B$8*F7/J7)) -> 0.0041631936 | O7: =MIN(Inputs!$B$26,M7*L7) -> 0.0023504537 | P7: =MIN(Inputs!$B$26,O7*Inputs!$B$19) -> 0.023504537 | Q7: =MIN(O7,N7*Inputs!$B$21) -> 0.00020815968 | U7: =IF(COUNT(R7:T7)>0,"Published spec (+calc where blank)","Calculated (this workbook)") -> Calculated (this workbook) | V7: =IF(R7="",MAX(P7,W7),R7) -> 0.023504537 | W7: =IF(S7="",O7,S7) -> 0.0023504537 | X7: =IF(T7="",Q7,T7) -> 0.00020815968 | Y7: =IF(S7="","",IF(O7<S7,"Calc STRICTER (lower)","Calc more lenient (higher)")) | Z7: =IF(B7="XL","Hemizygous male AF (grpmax)","grpmax FAF95; check SAS, IndiGen, GenomeIndia") -> grpmax FAF95; check SAS, IndiGen, GenomeIndia
A8: ADGRA3 | B8: AR | C8: RP | D8: =SUMIF(Indian_Gene_Shares!$B$5:$B$47,A8,Indian_Gene_Shares!$G$5:$G$47) -> 0 | E8: =IFERROR(INDEX(ARIDE_Cohort!$C$6:$C$207,MATCH(A8,ARIDE_Cohort!$A$6:$A$207,0)),0) -> 0 | F8: =MAX(Inputs!$B$24,IF(AND(Inputs!$B$29="ARIDE cohort",ARIDE_Cohort!$B$3>=Inputs!$B$30),E8,D8)) -> 0.01 | G8: =IF(AND(Inputs!$B$29="ARIDE cohort",ARIDE_Cohort!$B$3>=Inputs!$B$30),IF(E8>Inputs!$B$24,"ARIDE cohort","Floor (ARIDE share below floor)"),IF(D8>Inputs!$B$24,"Indian literature",IF(D8>0,"Floor (Indian share below floor)","Floor (no Indian data)"))) -> Floor (no Indian data) | H8: =IF(B8="AR",Inputs!$B$14,IF(B8="AD",Inputs!$B$15,Inputs!$B$16)) -> 1 | J8: =IF(I8="",H8,I8) -> 1 | L8: =IF(K8="",Inputs!$B$20,K8) -> 0.5 | M8: =IF(B8="AR",SQRT(Inputs!$B$9*F8/J8),IF(B8="AD",Inputs!$B$9*F8/(2*J8),2*Inputs!$B$9*F8/J8)) -> 0.0047009074 | N8: =IF(B8="AR",IF(Inputs!$B$25=0,SQRT(Inputs!$B$8*F8/J8),(-Inputs!$B$25+SQRT(Inputs!$B$25^2+4*(1-Inputs!$B$25)*Inputs!$B$8*F8/J8))/(2*(1-Inputs!$B$25))),IF(B8="AD",Inputs!$B$8*F8/(2*J8),2*Inputs!$B$8*F8/J8)) -> 0.0041631936 | O8: =MIN(Inputs!$B$26,M8*L8) -> 0.0023504537 | P8: =MIN(Inputs!$B$26,O8*Inputs!$B$19) -> 0.023504537 | Q8: =MIN(O8,N8*Inputs!$B$21) -> 0.00020815968 | U8: =IF(COUNT(R8:T8)>0,"Published spec (+calc where blank)","Calculated (this workbook)") -> Calculated (this workbook) | V8: =IF(R8="",MAX(P8,W8),R8) -> 0.023504537 | W8: =IF(S8="",O8,S8) -> 0.0023504537 | X8: =IF(T8="",Q8,T8) -> 0.00020815968 | Y8: =IF(S8="","",IF(O8<S8,"Calc STRICTER (lower)","Calc more lenient (higher)")) | Z8: =IF(B8="XL","Hemizygous male AF (grpmax)","grpmax FAF95; check SAS, IndiGen, GenomeIndia") -> grpmax FAF95; check SAS, IndiGen, GenomeIndia
A9: ADGRV1 | B9: AR | C9: USH2 | D9: =SUMIF(Indian_Gene_Shares!$B$5:$B$47,A9,Indian_Gene_Shares!$G$5:$G$47) -> 0 | E9: =IFERROR(INDEX(ARIDE_Cohort!$C$6:$C$207,MATCH(A9,ARIDE_Cohort!$A$6:$A$207,0)),0) -> 0 | F9: =MAX(Inputs!$B$24,IF(AND(Inputs!$B$29="ARIDE cohort",ARIDE_Cohort!$B$3>=Inputs!$B$30),E9,D9)) -> 0.01 | G9: =IF(AND(Inputs!$B$29="ARIDE cohort",ARIDE_Cohort!$B$3>=Inputs!$B$30),IF(E9>Inputs!$B$24,"ARIDE cohort","Floor (ARIDE share below floor)"),IF(D9>Inputs!$B$24,"Indian literature",IF(D9>0,"Floor (Indian share below floor)","Floor (no Indian data)"))) -> Floor (no Indian data) | H9: =IF(B9="AR",Inputs!$B$14,IF(B9="AD",Inputs!$B$15,Inputs!$B$16)) -> 1 | J9: =IF(I9="",H9,I9) -> 1 | L9: =IF(K9="",Inputs!$B$20,K9) -> 0.5 | M9: =IF(B9="AR",SQRT(Inputs!$B$9*F9/J9),IF(B9="AD",Inputs!$B$9*F9/(2*J9),2*Inputs!$B$9*F9/J9)) -> 0.0047009074 | N9: =IF(B9="AR",IF(Inputs!$B$25=0,SQRT(Inputs!$B$8*F9/J9),(-Inputs!$B$25+SQRT(Inputs!$B$25^2+4*(1-Inputs!$B$25)*Inputs!$B$8*F9/J9))/(2*(1-Inputs!$B$25))),IF(B9="AD",Inputs!$B$8*F9/(2*J9),2*Inputs!$B$8*F9/J9)) -> 0.0041631936 | O9: =MIN(Inputs!$B$26,M9*L9) -> 0.0023504537 | P9: =MIN(Inputs!$B$26,O9*Inputs!$B$19) -> 0.023504537 | Q9: =MIN(O9,N9*Inputs!$B$21) -> 0.00020815968 | U9: =IF(COUNT(R9:T9)>0,"Published spec (+calc where blank)","Calculated (this workbook)") -> Calculated (this workbook) | V9: =IF(R9="",MAX(P9,W9),R9) -> 0.023504537 | W9: =IF(S9="",O9,S9) -> 0.0023504537 | X9: =IF(T9="",Q9,T9) -> 0.00020815968 | Y9: =IF(S9="","",IF(O9<S9,"Calc STRICTER (lower)","Calc more lenient (higher)")) | Z9: =IF(B9="XL","Hemizygous male AF (grpmax)","grpmax FAF95; check SAS, IndiGen, GenomeIndia") -> grpmax FAF95; check SAS, IndiGen, GenomeIndia
A10: ADIPOR1 | B10: AR | C10: RP | D10: =SUMIF(Indian_Gene_Shares!$B$5:$B$47,A10,Indian_Gene_Shares!$G$5:$G$47) -> 0 | E10: =IFERROR(INDEX(ARIDE_Cohort!$C$6:$C$207,MATCH(A10,ARIDE_Cohort!$A$6:$A$207,0)),0) -> 0 | F10: =MAX(Inputs!$B$24,IF(AND(Inputs!$B$29="ARIDE cohort",ARIDE_Cohort!$B$3>=Inputs!$B$30),E10,D10)) -> 0.01 | G10: =IF(AND(Inputs!$B$29="ARIDE cohort",ARIDE_Cohort!$B$3>=Inputs!$B$30),IF(E10>Inputs!$B$24,"ARIDE cohort","Floor (ARIDE share below floor)"),IF(D10>Inputs!$B$24,"Indian literature",IF(D10>0,"Floor (Indian share below floor)","Floor (no Indian data)"))) -> Floor (no Indian data) | H10: =IF(B10="AR",Inputs!$B$14,IF(B10="AD",Inputs!$B$15,Inputs!$B$16)) -> 1 | J10: =IF(I10="",H10,I10) -> 1 | L10: =IF(K10="",Inputs!$B$20,K10) -> 0.5 | M10: =IF(B10="AR",SQRT(Inputs!$B$9*F10/J10),IF(B10="AD",Inputs!$B$9*F10/(2*J10),2*Inputs!$B$9*F10/J10)) -> 0.0047009074 | N10: =IF(B10="AR",IF(Inputs!$B$25=0,SQRT(Inputs!$B$8*F10/J10),(-Inputs!$B$25+SQRT(Inputs!$B$25^2+4*(1-Inputs!$B$25)*Inputs!$B$8*F10/J10))/(2*(1-Inputs!$B$25))),IF(B10="AD",Inputs!$B$8*F10/(2*J10),2*Inputs!$B$8*F10/J10)) -> 0.0041631936 | O10: =MIN(Inputs!$B$26,M10*L10) -> 0.0023504537 | P10: =MIN(Inputs!$B$26,O10*Inputs!$B$19) -> 0.023504537 | Q10: =MIN(O10,N10*Inputs!$B$21) -> 0.00020815968 | U10: =IF(COUNT(R10:T10)>0,"Published spec (+calc where blank)","Calculated (this workbook)") -> Calculated (this workbook) | V10: =IF(R10="",MAX(P10,W10),R10) -> 0.023504537 | W10: =IF(S10="",O10,S10) -> 0.0023504537 | X10: =IF(T10="",Q10,T10) -> 0.00020815968 | Y10: =IF(S10="","",IF(O10<S10,"Calc STRICTER (lower)","Calc more lenient (higher)")) | Z10: =IF(B10="XL","Hemizygous male AF (grpmax)","grpmax FAF95; check SAS, IndiGen, GenomeIndia") -> grpmax FAF95; check SAS, IndiGen, GenomeIndia
A11: ADIPOR1 | B11: AD | C11: RP | D11: =SUMIF(Indian_Gene_Shares!$B$5:$B$47,A11,Indian_Gene_Shares!$G$5:$G$47) -> 0 | E11: =IFERROR(INDEX(ARIDE_Cohort!$C$6:$C$207,MATCH(A11,ARIDE_Cohort!$A$6:$A$207,0)),0) -> 0 | F11: =MAX(Inputs!$B$24,IF(AND(Inputs!$B$29="ARIDE cohort",ARIDE_Cohort!$B$3>=Inputs!$B$30),E11,D11)) -> 0.01 | G11: =IF(AND(Inputs!$B$29="ARIDE cohort",ARIDE_Cohort!$B$3>=Inputs!$B$30),IF(E11>Inputs!$B$24,"ARIDE cohort","Floor (ARIDE share below floor)"),IF(D11>Inputs!$B$24,"Indian literature",IF(D11>0,"Floor (Indian share below floor)","Floor (no Indian data)"))) -> Floor (no Indian data) | H11: =IF(B11="AR",Inputs!$B$14,IF(B11="AD",Inputs!$B$15,Inputs!$B$16)) -> 0.5 | J11: =IF(I11="",H11,I11) -> 0.5 | L11: =IF(K11="",Inputs!$B$20,K11) -> 0.5 | M11: =IF(B11="AR",SQRT(Inputs!$B$9*F11/J11),IF(B11="AD",Inputs!$B$9*F11/(2*J11),2*Inputs!$B$9*F11/J11)) -> 2.2098531e-05 | N11: =IF(B11="AR",IF(Inputs!$B$25=0,SQRT(Inputs!$B$8*F11/J11),(-Inputs!$B$25+SQRT(Inputs!$B$25^2+4*(1-Inputs!$B$25)*Inputs!$B$8*F11/J11))/(2*(1-Inputs!$B$25))),IF(B11="AD",Inputs!$B$8*F11/(2*J11),2*Inputs!$B$8*F11/J11)) -> 1.7332181e-05 | O11: =MIN(Inputs!$B$26,M11*L11) -> 1.1049265e-05 | P11: =MIN(Inputs!$B$26,O11*Inputs!$B$19) -> 0.00011049265 | Q11: =MIN(O11,N11*Inputs!$B$21) -> 8.6660905e-07 | U11: =IF(COUNT(R11:T11)>0,"Published spec (+calc where blank)","Calculated (this workbook)") -> Calculated (this workbook) | V11: =IF(R11="",MAX(P11,W11),R11) -> 0.00011049265 | W11: =IF(S11="",O11,S11) -> 1.1049265e-05 | X11: =IF(T11="",Q11,T11) -> 8.6660905e-07 | Y11: =IF(S11="","",IF(O11<S11,"Calc STRICTER (lower)","Calc more lenient (higher)")) | Z11: =IF(B11="XL","Hemizygous male AF (grpmax)","grpmax FAF95; check SAS, IndiGen, GenomeIndia") -> grpmax FAF95; check SAS, IndiGen, GenomeIndia
A12: AGBL5 | B12: AR | C12: RP | D12: =SUMIF(Indian_Gene_Shares!$B$5:$B$47,A12,Indian_Gene_Shares!$G$5:$G$47) -> 0 | E12: =IFERROR(INDEX(ARIDE_Cohort!$C$6:$C$207,MATCH(A12,ARIDE_Cohort!$A$6:$A$207,0)),0) -> 0 | F12: =MAX(Inputs!$B$24,IF(AND(Inputs!$B$29="ARIDE cohort",ARIDE_Cohort!$B$3>=Inputs!$B$30),E12,D12)) -> 0.01 | G12: =IF(AND(Inputs!$B$29="ARIDE cohort",ARIDE_Cohort!$B$3>=Inputs!$B$30),IF(E12>Inputs!$B$24,"ARIDE cohort","Floor (ARIDE share below floor)"),IF(D12>Inputs!$B$24,"Indian literature",IF(D12>0,"Floor (Indian share below floor)","Floor (no Indian data)"))) -> Floor (no Indian data) | H12: =IF(B12="AR",Inputs!$B$14,IF(B12="AD",Inputs!$B$15,Inputs!$B$16)) -> 1 | J12: =IF(I12="",H12,I12) -> 1 | L12: =IF(K12="",Inputs!$B$20,K12) -> 0.5 | M12: =IF(B12="AR",SQRT(Inputs!$B$9*F12/J12),IF(B12="AD",Inputs!$B$9*F12/(2*J12),2*Inputs!$B$9*F12/J12)) -> 0.0047009074 | N12: =IF(B12="AR",IF(Inputs!$B$25=0,SQRT(Inputs!$B$8*F12/J12),(-Inputs!$B$25+SQRT(Inputs!$B$25^2+4*(1-Inputs!$B$25)*Inputs!$B$8*F12/J12))/(2*(1-Inputs!$B$25))),IF(B12="AD",Inputs!$B$8*F12/(2*J12),2*Inputs!$B$8*F12/J12)) -> 0.0041631936 | O12: =MIN(Inputs!$B$26,M12*L12) -> 0.0023504537 | P12: =MIN(Inputs!$B$26,O12*Inputs!$B$19) -> 0.023504537 | Q12: =MIN(O12,N12*Inputs!$B$21) -> 0.00020815968 | U12: =IF(COUNT(R12:T12)>0,"Published spec (+calc where blank)","Calculated (this workbook)") -> Calculated (this workbook) | V12: =IF(R12="",MAX(P12,W12),R12) -> 0.023504537 | W12: =IF(S12="",O12,S12) -> 0.0023504537 | X12: =IF(T12="",Q12,T12) -> 0.00020815968 | Y12: =IF(S12="","",IF(O12<S12,"Calc STRICTER (lower)","Calc more lenient (higher)")) | Z12: =IF(B12="XL","Hemizygous male AF (grpmax)","grpmax FAF95; check SAS, IndiGen, GenomeIndia") -> grpmax FAF95; check SAS, IndiGen, GenomeIndia
A13: AHI1 | B13: AR | C13: JS | D13: =SUMIF(Indian_Gene_Shares!$B$5:$B$47,A13,Indian_Gene_Shares!$G$5:$G$47) -> 0.00044370251 | E13: =IFERROR(INDEX(ARIDE_Cohort!$C$6:$C$207,MATCH(A13,ARIDE_Cohort!$A$6:$A$207,0)),0) -> 0 | F13: =MAX(Inputs!$B$24,IF(AND(Inputs!$B$29="ARIDE cohort",ARIDE_Cohort!$B$3>=Inputs!$B$30),E13,D13)) -> 0.01 | G13: =IF(AND(Inputs!$B$29="ARIDE cohort",ARIDE_Cohort!$B$3>=Inputs!$B$30),IF(E13>Inputs!$B$24,"ARIDE cohort","Floor (ARIDE share below floor)"),IF(D13>Inputs!$B$24,"Indian literature",IF(D13>0,"Floor (Indian share below floor)","Floor (no Indian data)"))) -> Floor (Indian share below floor) | H13: =IF(B13="AR",Inputs!$B$14,IF(B13="AD",Inputs!$B$15,Inputs!$B$16)) -> 1 | J13: =IF(I13="",H13,I13) -> 1 | L13: =IF(K13="",Inputs!$B$20,K13) -> 0.5 | M13: =IF(B13="AR",SQRT(Inputs!$B$9*F13/J13),IF(B13="AD",Inputs!$B$9*F13/(2*J13),2*Inputs!$B$9*F13/J13)) -> 0.0047009074 | N13: =IF(B13="AR",IF(Inputs!$B$25=0,SQRT(Inputs!$B$8*F13/J13),(-Inputs!$B$25+SQRT(Inputs!$B$25^2+4*(1-Inputs!$B$25)*Inputs!$B$8*F13/J13))/(2*(1-Inputs!$B$25))),IF(B13="AD",Inputs!$B$8*F13/(2*J13),2*Inputs!$B$8*F13/J13)) -> 0.0041631936 | O13: =MIN(Inputs!$B$26,M13*L13) -> 0.0023504537 | P13: =MIN(Inputs!$B$26,O13*Inputs!$B$19) -> 0.023504537 | Q13: =MIN(O13,N13*Inputs!$B$21) -> 0.00020815968 | U13: =IF(COUNT(R13:T13)>0,"Published spec (+calc where blank)","Calculated (this workbook)") -> Calculated (this workbook) | V13: =IF(R13="",MAX(P13,W13),R13) -> 0.023504537 | W13: =IF(S13="",O13,S13) -> 0.0023504537 | X13: =IF(T13="",Q13,T13) -> 0.00020815968 | Y13: =IF(S13="","",IF(O13<S13,"Calc STRICTER (lower)","Calc more lenient (higher)")) | Z13: =IF(B13="XL","Hemizygous male AF (grpmax)","grpmax FAF95; check SAS, IndiGen, GenomeIndia") -> grpmax FAF95; check SAS, IndiGen, GenomeIndia
A14: AHR | B14: AR | C14: RP | D14: =SUMIF(Indian_Gene_Shares!$B$5:$B$47,A14,Indian_Gene_Shares!$G$5:$G$47) -> 0 | E14: =IFERROR(INDEX(ARIDE_Cohort!$C$6:$C$207,MATCH(A14,ARIDE_Cohort!$A$6:$A$207,0)),0) -> 0 | F14: =MAX(Inputs!$B$24,IF(AND(Inputs!$B$29="ARIDE cohort",ARIDE_Cohort!$B$3>=Inputs!$B$30),E14,D14)) -> 0.01 | G14: =IF(AND(Inputs!$B$29="ARIDE cohort",ARIDE_Cohort!$B$3>=Inputs!$B$30),IF(E14>Inputs!$B$24,"ARIDE cohort","Floor (ARIDE share below floor)"),IF(D14>Inputs!$B$24,"Indian literature",IF(D14>0,"Floor (Indian share below floor)","Floor (no Indian data)"))) -> Floor (no Indian data) | H14: =IF(B14="AR",Inputs!$B$14,IF(B14="AD",Inputs!$B$15,Inputs!$B$16)) -> 1 | J14: =IF(I14="",H14,I14) -> 1 | L14: =IF(K14="",Inputs!$B$20,K14) -> 0.5 | M14: =IF(B14="AR",SQRT(Inputs!$B$9*F14/J14),IF(B14="AD",Inputs!$B$9*F14/(2*J14),2*Inputs!$B$9*F14/J14)) -> 0.0047009074 | N14: =IF(B14="AR",IF(Inputs!$B$25=0,SQRT(Inputs!$B$8*F14/J14),(-Inputs!$B$25+SQRT(Inputs!$B$25^2+4*(1-Inputs!$B$25)*Inputs!$B$8*F14/J14))/(2*(1-Inputs!$B$25))),IF(B14="AD",Inputs!$B$8*F14/(2*J14),2*Inputs!$B$8*F14/J14)) -> 0.0041631936 | O14: =MIN(Inputs!$B$26,M14*L14) -> 0.0023504537 | P14: =MIN(Inputs!$B$26,O14*Inputs!$B$19) -> 0.023504537 | Q14: =MIN(O14,N14*Inputs!$B$21) -> 0.00020815968 | U14: =IF(COUNT(R14:T14)>0,"Published spec (+calc where blank)","Calculated (this workbook)") -> Calculated (this workbook) | V14: =IF(R14="",MAX(P14,W14),R14) -> 0.023504537 | W14: =IF(S14="",O14,S14) -> 0.0023504537 | X14: =IF(T14="",Q14,T14) -> 0.00020815968 | Y14: =IF(S14="","",IF(O14<S14,"Calc STRICTER (lower)","Calc more lenient (higher)")) | Z14: =IF(B14="XL","Hemizygous male AF (grpmax)","grpmax FAF95; check SAS, IndiGen, GenomeIndia") -> grpmax FAF95; check SAS, IndiGen, GenomeIndia
A15: AIPL1 | B15: AR | C15: LCA | D15: =SUMIF(Indian_Gene_Shares!$B$5:$B$47,A15,Indian_Gene_Shares!$G$5:$G$47) -> 0.00083559081 | E15: =IFERROR(INDEX(ARIDE_Cohort!$C$6:$C$207,MATCH(A15,ARIDE_Cohort!$A$6:$A$207,0)),0) -> 0 | F15: =MAX(Inputs!$B$24,IF(AND(Inputs!$B$29="ARIDE cohort",ARIDE_Cohort!$B$3>=Inputs!$B$30),E15,D15)) -> 0.01 | G15: =IF(AND(Inputs!$B$29="ARIDE cohort",ARIDE_Cohort!$B$3>=Inputs!$B$30),IF(E15>Inputs!$B$24,"ARIDE cohort","Floor (ARIDE share below floor)"),IF(D15>Inputs!$B$24,"Indian literature",IF(D15>0,"Floor (Indian share below floor)","Floor (no Indian data)"))) -> Floor (Indian share below floor) | H15: =IF(B15="AR",Inputs!$B$14,IF(B15="AD",Inputs!$B$15,Inputs!$B$16)) -> 1 | J15: =IF(I15="",H15,I15) -> 1 | L15: =IF(K15="",Inputs!$B$20,K15) -> 0.5 | M15: =IF(B15="AR",SQRT(Inputs!$B$9*F15/J15),IF(B15="AD",Inputs!$B$9*F15/(2*J15),2*Inputs!$B$9*F15/J15)) -> 0.0047009074 | N15: =IF(B15="AR",IF(Inputs!$B$25=0,SQRT(Inputs!$B$8*F15/J15),(-Inputs!$B$25+SQRT(Inputs!$B$25^2+4*(1-Inputs!$B$25)*Inputs!$B$8*F15/J15))/(2*(1-Inputs!$B$25))),IF(B15="AD",Inputs!$B$8*F15/(2*J15),2*Inputs!$B$8*F15/J15)) -> 0.0041631936 | O15: =MIN(Inputs!$B$26,M15*L15) -> 0.0023504537 | P15: =MIN(Inputs!$B$26,O15*Inputs!$B$19) -> 0.023504537 | Q15: =MIN(O15,N15*Inputs!$B$21) -> 0.00020815968 | U15: =IF(COUNT(R15:T15)>0,"Published spec (+calc where blank)","Calculated (this workbook)") -> Calculated (this workbook) | V15: =IF(R15="",MAX(P15,W15),R15) -> 0.023504537 | W15: =IF(S15="",O15,S15) -> 0.0023504537 | X15: =IF(T15="",Q15,T15) -> 0.00020815968 | Y15: =IF(S15="","",IF(O15<S15,"Calc STRICTER (lower)","Calc more lenient (higher)")) | Z15: =IF(B15="XL","Hemizygous male AF (grpmax)","grpmax FAF95; check SAS, IndiGen, GenomeIndia") -> grpmax FAF95; check SAS, IndiGen, GenomeIndia
A16: AIPL1 | B16: AD | C16: CRD | D16: =SUMIF(Indian_Gene_Shares!$B$5:$B$47,A16,Indian_Gene_Shares!$G$5:$G$47) -> 0.00083559081 | E16: =IFERROR(INDEX(ARIDE_Cohort!$C$6:$C$207,MATCH(A16,ARIDE_Cohort!$A$6:$A$207,0)),0) -> 0 | F16: =MAX(Inputs!$B$24,IF(AND(Inputs!$B$29="ARIDE cohort",ARIDE_Cohort!$B$3>=Inputs!$B$30),E16,D16)) -> 0.01 | G16: =IF(AND(Inputs!$B$29="ARIDE cohort",ARIDE_Cohort!$B$3>=Inputs!$B$30),IF(E16>Inputs!$B$24,"ARIDE cohort","Floor (ARIDE share below floor)"),IF(D16>Inputs!$B$24,"Indian literature",IF(D16>0,"Floor (Indian share below floor)","Floor (no Indian data)"))) -> Floor (Indian share below floor) | H16: =IF(B16="AR",Inputs!$B$14,IF(B16="AD",Inputs!$B$15,Inputs!$B$16)) -> 0.5 | J16: =IF(I16="",H16,I16) -> 0.5 | L16: =IF(K16="",Inputs!$B$20,K16) -> 0.5 | M16: =IF(B16="AR",SQRT(Inputs!$B$9*F16/J16),IF(B16="AD",Inputs!$B$9*F16/(2*J16),2*Inputs!$B$9*F16/J16)) -> 2.2098531e-05 | N16: =IF(B16="AR",IF(Inputs!$B$25=0,SQRT(Inputs!$B$8*F16/J16),(-Inputs!$B$25+SQRT(Inputs!$B$25^2+4*(1-Inputs!$B$25)*Inputs!$B$8*F16/J16))/(2*(1-Inputs!$B$25))),IF(B16="AD",Inputs!$B$8*F16/(2*J16),2*Inputs!$B$8*F16/J16)) -> 1.7332181e-05 | O16: =MIN(Inputs!$B$26,M16*L16) -> 1.1049265e-05 | P16: =MIN(Inputs!$B$26,O16*Inputs!$B$19) -> 0.00011049265 | Q16: =MIN(O16,N16*Inputs!$B$21) -> 8.6660905e-07 | U16: =IF(COUNT(R16:T16)>0,"Published spec (+calc where blank)","Calculated (this workbook)") -> Calculated (this workbook) | V16: =IF(R16="",MAX(P16,W16),R16) -> 0.00011049265 | W16: =IF(S16="",O16,S16) -> 1.1049265e-05 | X16: =IF(T16="",Q16,T16) -> 8.6660905e-07 | Y16: =IF(S16="","",IF(O16<S16,"Calc STRICTER (lower)","Calc more lenient (higher)")) | Z16: =IF(B16="XL","Hemizygous male AF (grpmax)","grpmax FAF95; check SAS, IndiGen, GenomeIndia") -> grpmax FAF95; check SAS, IndiGen, GenomeIndia
A17: ALMS1 | B17: AR | C17: Alstrom | D17: =SUMIF(Indian_Gene_Shares!$B$5:$B$47,A17,Indian_Gene_Shares!$G$5:$G$47) -> 0.00042743161 | E17: =IFERROR(INDEX(ARIDE_Cohort!$C$6:$C$207,MATCH(A17,ARIDE_Cohort!$A$6:$A$207,0)),0) -> 0 | F17: =MAX(Inputs!$B$24,IF(AND(Inputs!$B$29="ARIDE cohort",ARIDE_Cohort!$B$3>=Inputs!$B$30),E17,D17)) -> 0.01 | G17: =IF(AND(Inputs!$B$29="ARIDE cohort",ARIDE_Cohort!$B$3>=Inputs!$B$30),IF(E17>Inputs!$B$24,"ARIDE cohort","Floor (ARIDE share below floor)"),IF(D17>Inputs!$B$24,"Indian literature",IF(D17>0,"Floor (Indian share below floor)","Floor (no Indian data)"))) -> Floor (Indian share below floor) | H17: =IF(B17="AR",Inputs!$B$14,IF(B17="AD",Inputs!$B$15,Inputs!$B$16)) -> 1 | J17: =IF(I17="",H17,I17) -> 1 | L17: =IF(K17="",Inputs!$B$20,K17) -> 0.5 | M17: =IF(B17="AR",SQRT(Inputs!$B$9*F17/J17),IF(B17="AD",Inputs!$B$9*F17/(2*J17),2*Inputs!$B$9*F17/J17)) -> 0.0047009074 | N17: =IF(B17="AR",IF(Inputs!$B$25=0,SQRT(Inputs!$B$8*F17/J17),(-Inputs!$B$25+SQRT(Inputs!$B$25^2+4*(1-Inputs!$B$25)*Inputs!$B$8*F17/J17))/(2*(1-Inputs!$B$25))),IF(B17="AD",Inputs!$B$8*F17/(2*J17),2*Inputs!$B$8*F17/J17)) -> 0.0041631936 | O17: =MIN(Inputs!$B$26,M17*L17) -> 0.0023504537 | P17: =MIN(Inputs!$B$26,O17*Inputs!$B$19) -> 0.023504537 | Q17: =MIN(O17,N17*Inputs!$B$21) -> 0.00020815968 | U17: =IF(COUNT(R17:T17)>0,"Published spec (+calc where blank)","Calculated (this workbook)") -> Calculated (this workbook) | V17: =IF(R17="",MAX(P17,W17),R17) -> 0.023504537 | W17: =IF(S17="",O17,S17) -> 0.0023504537 | X17: =IF(T17="",Q17,T17) -> 0.00020815968 | Y17: =IF(S17="","",IF(O17<S17,"Calc STRICTER (lower)","Calc more lenient (higher)")) | Z17: =IF(B17="XL","Hemizygous male AF (grpmax)","grpmax FAF95; check SAS, IndiGen, GenomeIndia") -> grpmax FAF95; check SAS, IndiGen, GenomeIndia
... A42: CC2D2A | B42: AR | C42: JS/RP | D42: =SUMIF(Indian_Gene_Shares!$B$5:$B$47,A42,Indian_Gene_Shares!$G$5:$G$47) -> 0.00044370251 | E42: =IFERROR(INDEX(ARIDE_Cohort!$C$6:$C$207,MATCH(A42,ARIDE_Cohort!$A$6:$A$207,0)),0) -> 0 | F42: =MAX(Inputs!$B$24,IF(AND(Inputs!$B$29="ARIDE cohort",ARIDE_Cohort!$B$3>=Inputs!$B$30),E42,D42)) -> 0.01 | G42: =IF(AND(Inputs!$B$29="ARIDE cohort",ARIDE_Cohort!$B$3>=Inputs!$B$30),IF(E42>Inputs!$B$24,"ARIDE cohort","Floor (ARIDE share below floor)"),IF(D42>Inputs!$B$24,"Indian literature",IF(D42>0,"Floor (Indian share below floor)","Floor (no Indian data)"))) -> Floor (Indian share below floor) | H42: =IF(B42="AR",Inputs!$B$14,IF(B42="AD",Inputs!$B$15,Inputs!$B$16)) -> 1 | J42: =IF(I42="",H42,I42) -> 1 | L42: =IF(K42="",Inputs!$B$20,K42) -> 0.5 | M42: =IF(B42="AR",SQRT(Inputs!$B$9*F42/J42),IF(B42="AD",Inputs!$B$9*F42/(2*J42),2*Inputs!$B$9*F42/J42)) -> 0.0047009074 | N42: =IF(B42="AR",IF(Inputs!$B$25=0,SQRT(Inputs!$B$8*F42/J42),(-Inputs!$B$25+SQRT(Inputs!$B$25^2+4*(1-Inputs!$B$25)*Inputs!$B$8*F42/J42))/(2*(1-Inputs!$B$25))),IF(B42="AD",Inputs!$B$8*F42/(2*J42),2*Inputs!$B$8*F42/J42)) -> 0.0041631936 | O42: =MIN(Inputs!$B$26,M42*L42) -> 0.0023504537 | P42: =MIN(Inputs!$B$26,O42*Inputs!$B$19) -> 0.023504537 | Q42: =MIN(O42,N42*Inputs!$B$21) -> 0.00020815968 | U42: =IF(COUNT(R42:T42)>0,"Published spec (+calc where blank)","Calculated (this workbook)") -> Calculated (this workbook) | V42: =IF(R42="",MAX(P42,W42),R42) -> 0.023504537 | W42: =IF(S42="",O42,S42) -> 0.0023504537 | X42: =IF(T42="",Q42,T42) -> 0.00020815968 | Y42: =IF(S42="","",IF(O42<S42,"Calc STRICTER (lower)","Calc more lenient (higher)")) | Z42: =IF(B42="XL","Hemizygous male AF (grpmax)","grpmax FAF95; check SAS, IndiGen, GenomeIndia") -> grpmax FAF95; check SAS, IndiGen, GenomeIndia
A43: CDH23 | B43: AR | C43: USH1 | D43: =SUMIF(Indian_Gene_Shares!$B$5:$B$47,A43,Indian_Gene_Shares!$G$5:$G$47) -> 0 | E43: =IFERROR(INDEX(ARIDE_Cohort!$C$6:$C$207,MATCH(A43,ARIDE_Cohort!$A$6:$A$207,0)),0) -> 0 | F43: =MAX(Inputs!$B$24,IF(AND(Inputs!$B$29="ARIDE cohort",ARIDE_Cohort!$B$3>=Inputs!$B$30),E43,D43)) -> 0.01 | G43: =IF(AND(Inputs!$B$29="ARIDE cohort",ARIDE_Cohort!$B$3>=Inputs!$B$30),IF(E43>Inputs!$B$24,"ARIDE cohort","Floor (ARIDE share below floor)"),IF(D43>Inputs!$B$24,"Indian literature",IF(D43>0,"Floor (Indian share below floor)","Floor (no Indian data)"))) -> Floor (no Indian data) | H43: =IF(B43="AR",Inputs!$B$14,IF(B43="AD",Inputs!$B$15,Inputs!$B$16)) -> 1 | J43: =IF(I43="",H43,I43) -> 1 | L43: =IF(K43="",Inputs!$B$20,K43) -> 0.5 | M43: =IF(B43="AR",SQRT(Inputs!$B$9*F43/J43),IF(B43="AD",Inputs!$B$9*F43/(2*J43),2*Inputs!$B$9*F43/J43)) -> 0.0047009074 | N43: =IF(B43="AR",IF(Inputs!$B$25=0,SQRT(Inputs!$B$8*F43/J43),(-Inputs!$B$25+SQRT(Inputs!$B$25^2+4*(1-Inputs!$B$25)*Inputs!$B$8*F43/J43))/(2*(1-Inputs!$B$25))),IF(B43="AD",Inputs!$B$8*F43/(2*J43),2*Inputs!$B$8*F43/J43)) -> 0.0041631936 | O43: =MIN(Inputs!$B$26,M43*L43) -> 0.0023504537 | P43: =MIN(Inputs!$B$26,O43*Inputs!$B$19) -> 0.023504537 | Q43: =MIN(O43,N43*Inputs!$B$21) -> 0.00020815968 | R43: 0.005 | S43: 0.003 | T43: 7e-05 | U43: =IF(COUNT(R43:T43)>0,"Published spec (+calc where blank)","Calculated (this workbook)") -> Published spec (+calc where blank) | V43: =IF(R43="",MAX(P43,W43),R43) -> 0.005 | W43: =IF(S43="",O43,S43) -> 0.003 | X43: =IF(T43="",Q43,T43) -> 7e-05 | Y43: =IF(S43="","",IF(O43<S43,"Calc STRICTER (lower)","Calc more lenient (higher)")) -> Calc STRICTER (lower) | Z43: =IF(B43="XL","Hemizygous male AF (grpmax)","grpmax FAF95; check SAS, IndiGen, GenomeIndia") -> grpmax FAF95; check SAS, IndiGen, GenomeIndia | AA43: ClinGen Hearing Loss VCEP v2 (AR): BA1 >=0.5%; BS1 >=0.3%; PM2_Sup <=0.007%
A44: CDH3 | B44: AR | C44: MD (HJMD) | D44: =SUMIF(Indian_Gene_Shares!$B$5:$B$47,A44,Indian_Gene_Shares!$G$5:$G$47) -> 0 | E44: =IFERROR(INDEX(ARIDE_Cohort!$C$6:$C$207,MATCH(A44,ARIDE_Cohort!$A$6:$A$207,0)),0) -> 0 | F44: =MAX(Inputs!$B$24,IF(AND(Inputs!$B$29="ARIDE cohort",ARIDE_Cohort!$B$3>=Inputs!$B$30),E44,D44)) -> 0.01 | G44: =IF(AND(Inputs!$B$29="ARIDE cohort",ARIDE_Cohort!$B$3>=Inputs!$B$30),IF(E44>Inputs!$B$24,"ARIDE cohort","Floor (ARIDE share below floor)"),IF(D44>Inputs!$B$24,"Indian literature",IF(D44>0,"Floor (Indian share below floor)","Floor (no Indian data)"))) -> Floor (no Indian data) | H44: =IF(B44="AR",Inputs!$B$14,IF(B44="AD",Inputs!$B$15,Inputs!$B$16)) -> 1 | J44: =IF(I44="",H44,I44) -> 1 | L44: =IF(K44="",Inputs!$B$20,K44) -> 0.5 | M44: =IF(B44="AR",SQRT(Inputs!$B$9*F44/J44),IF(B44="AD",Inputs!$B$9*F44/(2*J44),2*Inputs!$B$9*F44/J44)) -> 0.0047009074 | N44: =IF(B44="AR",IF(Inputs!$B$25=0,SQRT(Inputs!$B$8*F44/J44),(-Inputs!$B$25+SQRT(Inputs!$B$25^2+4*(1-Inputs!$B$25)*Inputs!$B$8*F44/J44))/(2*(1-Inputs!$B$25))),IF(B44="AD",Inputs!$B$8*F44/(2*J44),2*Inputs!$B$8*F44/J44)) -> 0.0041631936 | O44: =MIN(Inputs!$B$26,M44*L44) -> 0.0023504537 | P44: =MIN(Inputs!$B$26,O44*Inputs!$B$19) -> 0.023504537 | Q44: =MIN(O44,N44*Inputs!$B$21) -> 0.00020815968 | U44: =IF(COUNT(R44:T44)>0,"Published spec (+calc where blank)","Calculated (this workbook)") -> Calculated (this workbook) | V44: =IF(R44="",MAX(P44,W44),R44) -> 0.023504537 | W44: =IF(S44="",O44,S44) -> 0.0023504537 | X44: =IF(T44="",Q44,T44) -> 0.00020815968 | Y44: =IF(S44="","",IF(O44<S44,"Calc STRICTER (lower)","Calc more lenient (higher)")) | Z44: =IF(B44="XL","Hemizygous male AF (grpmax)","grpmax FAF95; check SAS, IndiGen, GenomeIndia") -> grpmax FAF95; check SAS, IndiGen, GenomeIndia
A45: CDHR1 | B45: AR | C45: CRD | D45: =SUMIF(Indian_Gene_Shares!$B$5:$B$47,A45,Indian_Gene_Shares!$G$5:$G$47) -> 0 | E45: =IFERROR(INDEX(ARIDE_Cohort!$C$6:$C$207,MATCH(A45,ARIDE_Cohort!$A$6:$A$207,0)),0) -> 0 | F45: =MAX(Inputs!$B$24,IF(AND(Inputs!$B$29="ARIDE cohort",ARIDE_Cohort!$B$3>=Inputs!$B$30),E45,D45)) -> 0.01 | G45: =IF(AND(Inputs!$B$29="ARIDE cohort",ARIDE_Cohort!$B$3>=Inputs!$B$30),IF(E45>Inputs!$B$24,"ARIDE cohort","Floor (ARIDE share below floor)"),IF(D45>Inputs!$B$24,"Indian literature",IF(D45>0,"Floor (Indian share below floor)","Floor (no Indian data)"))) -> Floor (no Indian data) | H45: =IF(B45="AR",Inputs!$B$14,IF(B45="AD",Inputs!$B$15,Inputs!$B$16)) -> 1 | J45: =IF(I45="",H45,I45) -> 1 | L45: =IF(K45="",Inputs!$B$20,K45) -> 0.5 | M45: =IF(B45="AR",SQRT(Inputs!$B$9*F45/J45),IF(B45="AD",Inputs!$B$9*F45/(2*J45),2*Inputs!$B$9*F45/J45)) -> 0.0047009074 | N45: =IF(B45="AR",IF(Inputs!$B$25=0,SQRT(Inputs!$B$8*F45/J45),(-Inputs!$B$25+SQRT(Inputs!$B$25^2+4*(1-Inputs!$B$25)*Inputs!$B$8*F45/J45))/(2*(1-Inputs!$B$25))),IF(B45="AD",Inputs!$B$8*F45/(2*J45),2*Inputs!$B$8*F45/J45)) -> 0.0041631936 | O45: =MIN(Inputs!$B$26,M45*L45) -> 0.0023504537 | P45: =MIN(Inputs!$B$26,O45*Inputs!$B$19) -> 0.023504537 | Q45: =MIN(O45,N45*Inputs!$B$21) -> 0.00020815968 | U45: =IF(COUNT(R45:T45)>0,"Published spec (+calc where blank)","Calculated (this workbook)") -> Calculated (this workbook) | V45: =IF(R45="",MAX(P45,W45),R45) -> 0.023504537 | W45: =IF(S45="",O45,S45) -> 0.0023504537 | X45: =IF(T45="",Q45,T45) -> 0.00020815968 | Y45: =IF(S45="","",IF(O45<S45,"Calc STRICTER (lower)","Calc more lenient (higher)")) | Z45: =IF(B45="XL","Hemizygous male AF (grpmax)","grpmax FAF95; check SAS, IndiGen, GenomeIndia") -> grpmax FAF95; check SAS, IndiGen, GenomeIndia
A46: CEP164 | B46: AR | C46: SLS/RP | D46: =SUMIF(Indian_Gene_Shares!$B$5:$B$47,A46,Indian_Gene_Shares!$G$5:$G$47) -> 0 | E46: =IFERROR(INDEX(ARIDE_Cohort!$C$6:$C$207,MATCH(A46,ARIDE_Cohort!$A$6:$A$207,0)),0) -> 0 | F46: =MAX(Inputs!$B$24,IF(AND(Inputs!$B$29="ARIDE cohort",ARIDE_Cohort!$B$3>=Inputs!$B$30),E46,D46)) -> 0.01 | G46: =IF(AND(Inputs!$B$29="ARIDE cohort",ARIDE_Cohort!$B$3>=Inputs!$B$30),IF(E46>Inputs!$B$24,"ARIDE cohort","Floor (ARIDE share below floor)"),IF(D46>Inputs!$B$24,"Indian literature",IF(D46>0,"Floor (Indian share below floor)","Floor (no Indian data)"))) -> Floor (no Indian data) | H46: =IF(B46="AR",Inputs!$B$14,IF(B46="AD",Inputs!$B$15,Inputs!$B$16)) -> 1 | J46: =IF(I46="",H46,I46) -> 1 | L46: =IF(K46="",Inputs!$B$20,K46) -> 0.5 | M46: =IF(B46="AR",SQRT(Inputs!$B$9*F46/J46),IF(B46="AD",Inputs!$B$9*F46/(2*J46),2*Inputs!$B$9*F46/J46)) -> 0.0047009074 | N46: =IF(B46="AR",IF(Inputs!$B$25=0,SQRT(Inputs!$B$8*F46/J46),(-Inputs!$B$25+SQRT(Inputs!$B$25^2+4*(1-Inputs!$B$25)*Inputs!$B$8*F46/J46))/(2*(1-Inputs!$B$25))),IF(B46="AD",Inputs!$B$8*F46/(2*J46),2*Inputs!$B$8*F46/J46)) -> 0.0041631936 | O46: =MIN(Inputs!$B$26,M46*L46) -> 0.0023504537 | P46: =MIN(Inputs!$B$26,O46*Inputs!$B$19) -> 0.023504537 | Q46: =MIN(O46,N46*Inputs!$B$21) -> 0.00020815968 | U46: =IF(COUNT(R46:T46)>0,"Published spec (+calc where blank)","Calculated (this workbook)") -> Calculated (this workbook) | V46: =IF(R46="",MAX(P46,W46),R46) -> 0.023504537 | W46: =IF(S46="",O46,S46) -> 0.0023504537 | X46: =IF(T46="",Q46,T46) -> 0.00020815968 | Y46: =IF(S46="","",IF(O46<S46,"Calc STRICTER (lower)","Calc more lenient (higher)")) | Z46: =IF(B46="XL","Hemizygous male AF (grpmax)","grpmax FAF95; check SAS, IndiGen, GenomeIndia") -> grpmax FAF95; check SAS, IndiGen, GenomeIndia
A47: CEP250 | B47: AR | C47: USH-atypical | D47: =SUMIF(Indian_Gene_Shares!$B$5:$B$47,A47,Indian_Gene_Shares!$G$5:$G$47) -> 0 | E47: =IFERROR(INDEX(ARIDE_Cohort!$C$6:$C$207,MATCH(A47,ARIDE_Cohort!$A$6:$A$207,0)),0) -> 0 | F47: =MAX(Inputs!$B$24,IF(AND(Inputs!$B$29="ARIDE cohort",ARIDE_Cohort!$B$3>=Inputs!$B$30),E47,D47)) -> 0.01 | G47: =IF(AND(Inputs!$B$29="ARIDE cohort",ARIDE_Cohort!$B$3>=Inputs!$B$30),IF(E47>Inputs!$B$24,"ARIDE cohort","Floor (ARIDE share below floor)"),IF(D47>Inputs!$B$24,"Indian literature",IF(D47>0,"Floor (Indian share below floor)","Floor (no Indian data)"))) -> Floor (no Indian data) | H47: =IF(B47="AR",Inputs!$B$14,IF(B47="AD",Inputs!$B$15,Inputs!$B$16)) -> 1 | J47: =IF(I47="",H47,I47) -> 1 | L47: =IF(K47="",Inputs!$B$20,K47) -> 0.5 | M47: =IF(B47="AR",SQRT(Inputs!$B$9*F47/J47),IF(B47="AD",Inputs!$B$9*F47/(2*J47),2*Inputs!$B$9*F47/J47)) -> 0.0047009074 | N47: =IF(B47="AR",IF(Inputs!$B$25=0,SQRT(Inputs!$B$8*F47/J47),(-Inputs!$B$25+SQRT(Inputs!$B$25^2+4*(1-Inputs!$B$25)*Inputs!$B$8*F47/J47))/(2*(1-Inputs!$B$25))),IF(B47="AD",Inputs!$B$8*F47/(2*J47),2*Inputs!$B$8*F47/J47)) -> 0.0041631936 | O47: =MIN(Inputs!$B$26,M47*L47) -> 0.0023504537 | P47: =MIN(Inputs!$B$26,O47*Inputs!$B$19) -> 0.023504537 | Q47: =MIN(O47,N47*Inputs!$B$21) -> 0.00020815968 | U47: =IF(COUNT(R47:T47)>0,"Published spec (+calc where blank)","Calculated (this workbook)") -> Calculated (this workbook) | V47: =IF(R47="",MAX(P47,W47),R47) -> 0.023504537 | W47: =IF(S47="",O47,S47) -> 0.0023504537 | X47: =IF(T47="",Q47,T47) -> 0.00020815968 | Y47: =IF(S47="","",IF(O47<S47,"Calc STRICTER (lower)","Calc more lenient (higher)")) | Z47: =IF(B47="XL","Hemizygous male AF (grpmax)","grpmax FAF95; check SAS, IndiGen, GenomeIndia") -> grpmax FAF95; check SAS, IndiGen, GenomeIndia
A48: CEP290 | B48: AR | C48: LCA/JS/SLS | D48: =SUMIF(Indian_Gene_Shares!$B$5:$B$47,A48,Indian_Gene_Shares!$G$5:$G$47) -> 0.001915511 | E48: =IFERROR(INDEX(ARIDE_Cohort!$C$6:$C$207,MATCH(A48,ARIDE_Cohort!$A$6:$A$207,0)),0) -> 0 | F48: =MAX(Inputs!$B$24,IF(AND(Inputs!$B$29="ARIDE cohort",ARIDE_Cohort!$B$3>=Inputs!$B$30),E48,D48)) -> 0.01 | G48: =IF(AND(Inputs!$B$29="ARIDE cohort",ARIDE_Cohort!$B$3>=Inputs!$B$30),IF(E48>Inputs!$B$24,"ARIDE cohort","Floor (ARIDE share below floor)"),IF(D48>Inputs!$B$24,"Indian literature",IF(D48>0,"Floor (Indian share below floor)","Floor (no Indian data)"))) -> Floor (Indian share below floor) | H48: =IF(B48="AR",Inputs!$B$14,IF(B48="AD",Inputs!$B$15,Inputs!$B$16)) -> 1 | J48: =IF(I48="",H48,I48) -> 1 | L48: =IF(K48="",Inputs!$B$20,K48) -> 0.5 | M48: =IF(B48="AR",SQRT(Inputs!$B$9*F48/J48),IF(B48="AD",Inputs!$B$9*F48/(2*J48),2*Inputs!$B$9*F48/J48)) -> 0.0047009074 | N48: =IF(B48="AR",IF(Inputs!$B$25=0,SQRT(Inputs!$B$8*F48/J48),(-Inputs!$B$25+SQRT(Inputs!$B$25^2+4*(1-Inputs!$B$25)*Inputs!$B$8*F48/J48))/(2*(1-Inputs!$B$25))),IF(B48="AD",Inputs!$B$8*F48/(2*J48),2*Inputs!$B$8*F48/J48)) -> 0.0041631936 | O48: =MIN(Inputs!$B$26,M48*L48) -> 0.0023504537 | P48: =MIN(Inputs!$B$26,O48*Inputs!$B$19) -> 0.023504537 | Q48: =MIN(O48,N48*Inputs!$B$21) -> 0.00020815968 | U48: =IF(COUNT(R48:T48)>0,"Published spec (+calc where blank)","Calculated (this workbook)") -> Calculated (this workbook) | V48: =IF(R48="",MAX(P48,W48),R48) -> 0.023504537 | W48: =IF(S48="",O48,S48) -> 0.0023504537 | X48: =IF(T48="",Q48,T48) -> 0.00020815968 | Y48: =IF(S48="","",IF(O48<S48,"Calc STRICTER (lower)","Calc more lenient (higher)")) | Z48: =IF(B48="XL","Hemizygous male AF (grpmax)","grpmax FAF95; check SAS, IndiGen, GenomeIndia") -> grpmax FAF95; check SAS, IndiGen, GenomeIndia
A49: CEP78 | B49: AR | C49: CRD+HL | D49: =SUMIF(Indian_Gene_Shares!$B$5:$B$47,A49,Indian_Gene_Shares!$G$5:$G$47) -> 0 | E49: =IFERROR(INDEX(ARIDE_Cohort!$C$6:$C$207,MATCH(A49,ARIDE_Cohort!$A$6:$A$207,0)),0) -> 0 | F49: =MAX(Inputs!$B$24,IF(AND(Inputs!$B$29="ARIDE cohort",ARIDE_Cohort!$B$3>=Inputs!$B$30),E49,D49)) -> 0.01 | G49: =IF(AND(Inputs!$B$29="ARIDE cohort",ARIDE_Cohort!$B$3>=Inputs!$B$30),IF(E49>Inputs!$B$24,"ARIDE cohort","Floor (ARIDE share below floor)"),IF(D49>Inputs!$B$24,"Indian literature",IF(D49>0,"Floor (Indian share below floor)","Floor (no Indian data)"))) -> Floor (no Indian data) | H49: =IF(B49="AR",Inputs!$B$14,IF(B49="AD",Inputs!$B$15,Inputs!$B$16)) -> 1 | J49: =IF(I49="",H49,I49) -> 1 | L49: =IF(K49="",Inputs!$B$20,K49) -> 0.5 | M49: =IF(B49="AR",SQRT(Inputs!$B$9*F49/J49),IF(B49="AD",Inputs!$B$9*F49/(2*J49),2*Inputs!$B$9*F49/J49)) -> 0.0047009074 | N49: =IF(B49="AR",IF(Inputs!$B$25=0,SQRT(Inputs!$B$8*F49/J49),(-Inputs!$B$25+SQRT(Inputs!$B$25^2+4*(1-Inputs!$B$25)*Inputs!$B$8*F49/J49))/(2*(1-Inputs!$B$25))),IF(B49="AD",Inputs!$B$8*F49/(2*J49),2*Inputs!$B$8*F49/J49)) -> 0.0041631936 | O49: =MIN(Inputs!$B$26,M49*L49) -> 0.0023504537 | P49: =MIN(Inputs!$B$26,O49*Inputs!$B$19) -> 0.023504537 | Q49: =MIN(O49,N49*Inputs!$B$21) -> 0.00020815968 | U49: =IF(COUNT(R49:T49)>0,"Published spec (+calc where blank)","Calculated (this workbook)") -> Calculated (this workbook) | V49: =IF(R49="",MAX(P49,W49),R49) -> 0.023504537 | W49: =IF(S49="",O49,S49) -> 0.0023504537 | X49: =IF(T49="",Q49,T49) -> 0.00020815968 | Y49: =IF(S49="","",IF(O49<S49,"Calc STRICTER (lower)","Calc more lenient (higher)")) | Z49: =IF(B49="XL","Hemizygous male AF (grpmax)","grpmax FAF95; check SAS, IndiGen, GenomeIndia") -> grpmax FAF95; check SAS, IndiGen, GenomeIndia
A50: CERKL | B50: AR | C50: RP/CRD | D50: =SUMIF(Indian_Gene_Shares!$B$5:$B$47,A50,Indian_Gene_Shares!$G$5:$G$47) -> 0.11719997 | E50: =IFERROR(INDEX(ARIDE_Cohort!$C$6:$C$207,MATCH(A50,ARIDE_Cohort!$A$6:$A$207,0)),0) -> 0 | F50: =MAX(Inputs!$B$24,IF(AND(Inputs!$B$29="ARIDE cohort",ARIDE_Cohort!$B$3>=Inputs!$B$30),E50,D50)) -> 0.11719997 | G50: =IF(AND(Inputs!$B$29="ARIDE cohort",ARIDE_Cohort!$B$3>=Inputs!$B$30),IF(E50>Inputs!$B$24,"ARIDE cohort","Floor (ARIDE share below floor)"),IF(D50>Inputs!$B$24,"Indian literature",IF(D50>0,"Floor (Indian share below floor)","Floor (no Indian data)"))) -> Indian literature | H50: =IF(B50="AR",Inputs!$B$14,IF(B50="AD",Inputs!$B$15,Inputs!$B$16)) -> 1 | J50: =IF(I50="",H50,I50) -> 1 | K50: 0.85 | L50: =IF(K50="",Inputs!$B$20,K50) -> 0.85 | M50: =IF(B50="AR",SQRT(Inputs!$B$9*F50/J50),IF(B50="AD",Inputs!$B$9*F50/(2*J50),2*Inputs!$B$9*F50/J50)) -> 0.016093312 | N50: =IF(B50="AR",IF(Inputs!$B$25=0,SQRT(Inputs!$B$8*F50/J50),(-Inputs!$B$25+SQRT(Inputs!$B$25^2+4*(1-Inputs!$B$25)*Inputs!$B$8*F50/J50))/(2*(1-Inputs!$B$25))),IF(B50="AD",Inputs!$B$8*F50/(2*J50),2*Inputs!$B$8*F50/J50)) -> 0.014252477 | O50: =MIN(Inputs!$B$26,M50*L50) -> 0.013679316 | P50: =MIN(Inputs!$B$26,O50*Inputs!$B$19) -> 0.05 | Q50: =MIN(O50,N50*Inputs!$B$21) -> 0.00071262385 | U50: =IF(COUNT(R50:T50)>0,"Published spec (+calc where blank)","Calculated (this workbook)") -> Calculated (this workbook) | V50: =IF(R50="",MAX(P50,W50),R50) -> 0.05 | W50: =IF(S50="",O50,S50) -> 0.013679316 | X50: =IF(T50="",Q50,T50) -> 0.00071262385 | Y50: =IF(S50="","",IF(O50<S50,"Calc STRICTER (lower)","Calc more lenient (higher)")) | Z50: =IF(B50="XL","Hemizygous male AF (grpmax)","grpmax FAF95; check SAS, IndiGen, GenomeIndia") -> grpmax FAF95; check SAS, IndiGen, GenomeIndia | AB50: Indian founder allele: 12 of 14 CERKL-positive unrelated RP patients shared one mutation (Sen et al. 2020, cited in Front Genet 2022;13:858556)
A51: CFAP410 | B51: AR | C51: RP/CRD | D51: =SUMIF(Indian_Gene_Shares!$B$5:$B$47,A51,Indian_Gene_Shares!$G$5:$G$47) -> 0 | E51: =IFERROR(INDEX(ARIDE_Cohort!$C$6:$C$207,MATCH(A51,ARIDE_Cohort!$A$6:$A$207,0)),0) -> 0 | F51: =MAX(Inputs!$B$24,IF(AND(Inputs!$B$29="ARIDE cohort",ARIDE_Cohort!$B$3>=Inputs!$B$30),E51,D51)) -> 0.01 | G51: =IF(AND(Inputs!$B$29="ARIDE cohort",ARIDE_Cohort!$B$3>=Inputs!$B$30),IF(E51>Inputs!$B$24,"ARIDE cohort","Floor (ARIDE share below floor)"),IF(D51>Inputs!$B$24,"Indian literature",IF(D51>0,"Floor (Indian share below floor)","Floor (no Indian data)"))) -> Floor (no Indian data) | H51: =IF(B51="AR",Inputs!$B$14,IF(B51="AD",Inputs!$B$15,Inputs!$B$16)) -> 1 | J51: =IF(I51="",H51,I51) -> 1 | L51: =IF(K51="",Inputs!$B$20,K51) -> 0.5 | M51: =IF(B51="AR",SQRT(Inputs!$B$9*F51/J51),IF(B51="AD",Inputs!$B$9*F51/(2*J51),2*Inputs!$B$9*F51/J51)) -> 0.0047009074 | N51: =IF(B51="AR",IF(Inputs!$B$25=0,SQRT(Inputs!$B$8*F51/J51),(-Inputs!$B$25+SQRT(Inputs!$B$25^2+4*(1-Inputs!$B$25)*Inputs!$B$8*F51/J51))/(2*(1-Inputs!$B$25))),IF(B51="AD",Inputs!$B$8*F51/(2*J51),2*Inputs!$B$8*F51/J51)) -> 0.0041631936 | O51: =MIN(Inputs!$B$26,M51*L51) -> 0.0023504537 | P51: =MIN(Inputs!$B$26,O51*Inputs!$B$19) -> 0.023504537 | Q51: =MIN(O51,N51*Inputs!$B$21) -> 0.00020815968 | U51: =IF(COUNT(R51:T51)>0,"Published spec (+calc where blank)","Calculated (this workbook)") -> Calculated (this workbook) | V51: =IF(R51="",MAX(P51,W51),R51) -> 0.023504537 | W51: =IF(S51="",O51,S51) -> 0.0023504537 | X51: =IF(T51="",Q51,T51) -> 0.00020815968 | Y51: =IF(S51="","",IF(O51<S51,"Calc STRICTER (lower)","Calc more lenient (higher)")) | Z51: =IF(B51="XL","Hemizygous male AF (grpmax)","grpmax FAF95; check SAS, IndiGen, GenomeIndia") -> grpmax FAF95; check SAS, IndiGen, GenomeIndia
A52: CHM | B52: XL | C52: Choroideremia | D52: =SUMIF(Indian_Gene_Shares!$B$5:$B$47,A52,Indian_Gene_Shares!$G$5:$G$47) -> 0 | E52: =IFERROR(INDEX(ARIDE_Cohort!$C$6:$C$207,MATCH(A52,ARIDE_Cohort!$A$6:$A$207,0)),0) -> 0 | F52: =MAX(Inputs!$B$24,IF(AND(Inputs!$B$29="ARIDE cohort",ARIDE_Cohort!$B$3>=Inputs!$B$30),E52,D52)) -> 0.01 | G52: =IF(AND(Inputs!$B$29="ARIDE cohort",ARIDE_Cohort!$B$3>=Inputs!$B$30),IF(E52>Inputs!$B$24,"ARIDE cohort","Floor (ARIDE share below floor)"),IF(D52>Inputs!$B$24,"Indian literature",IF(D52>0,"Floor (Indian share below floor)","Floor (no Indian data)"))) -> Floor (no Indian data) | H52: =IF(B52="AR",Inputs!$B$14,IF(B52="AD",Inputs!$B$15,Inputs!$B$16)) -> 1 | J52: =IF(I52="",H52,I52) -> 1 | L52: =IF(K52="",Inputs!$B$20,K52) -> 0.5 | M52: =IF(B52="AR",SQRT(Inputs!$B$9*F52/J52),IF(B52="AD",Inputs!$B$9*F52/(2*J52),2*Inputs!$B$9*F52/J52)) -> 4.4197061e-05 | N52: =IF(B52="AR",IF(Inputs!$B$25=0,SQRT(Inputs!$B$8*F52/J52),(-Inputs!$B$25+SQRT(Inputs!$B$25^2+4*(1-Inputs!$B$25)*Inputs!$B$8*F52/J52))/(2*(1-Inputs!$B$25))),IF(B52="AD",Inputs!$B$8*F52/(2*J52),2*Inputs!$B$8*F52/J52)) -> 3.4664362e-05 | O52: =MIN(Inputs!$B$26,M52*L52) -> 2.2098531e-05 | P52: =MIN(Inputs!$B$26,O52*Inputs!$B$19) -> 0.00022098531 | Q52: =MIN(O52,N52*Inputs!$B$21) -> 1.7332181e-06 | U52: =IF(COUNT(R52:T52)>0,"Published spec (+calc where blank)","Calculated (this workbook)") -> Calculated (this workbook) | V52: =IF(R52="",MAX(P52,W52),R52) -> 0.00022098531 | W52: =IF(S52="",O52,S52) -> 2.2098531e-05 | X52: =IF(T52="",Q52,T52) -> 1.7332181e-06 | Y52: =IF(S52="","",IF(O52<S52,"Calc STRICTER (lower)","Calc more lenient (higher)")) | Z52: =IF(B52="XL","Hemizygous male AF (grpmax)","grpmax FAF95; check SAS, IndiGen, GenomeIndia") -> Hemizygous male AF (grpmax)
A53: CLCC1 | B53: AR | C53: RP | D53: =SUMIF(Indian_Gene_Shares!$B$5:$B$47,A53,Indian_Gene_Shares!$G$5:$G$47) -> 0 | E53: =IFERROR(INDEX(ARIDE_Cohort!$C$6:$C$207,MATCH(A53,ARIDE_Cohort!$A$6:$A$207,0)),0) -> 0 | F53: =MAX(Inputs!$B$24,IF(AND(Inputs!$B$29="ARIDE cohort",ARIDE_Cohort!$B$3>=Inputs!$B$30),E53,D53)) -> 0.01 | G53: =IF(AND(Inputs!$B$29="ARIDE cohort",ARIDE_Cohort!$B$3>=Inputs!$B$30),IF(E53>Inputs!$B$24,"ARIDE cohort","Floor (ARIDE share below floor)"),IF(D53>Inputs!$B$24,"Indian literature",IF(D53>0,"Floor (Indian share below floor)","Floor (no Indian data)"))) -> Floor (no Indian data) | H53: =IF(B53="AR",Inputs!$B$14,IF(B53="AD",Inputs!$B$15,Inputs!$B$16)) -> 1 | J53: =IF(I53="",H53,I53) -> 1 | L53: =IF(K53="",Inputs!$B$20,K53) -> 0.5 | M53: =IF(B53="AR",SQRT(Inputs!$B$9*F53/J53),IF(B53="AD",Inputs!$B$9*F53/(2*J53),2*Inputs!$B$9*F53/J53)) -> 0.0047009074 | N53: =IF(B53="AR",IF(Inputs!$B$25=0,SQRT(Inputs!$B$8*F53/J53),(-Inputs!$B$25+SQRT(Inputs!$B$25^2+4*(1-Inputs!$B$25)*Inputs!$B$8*F53/J53))/(2*(1-Inputs!$B$25))),IF(B53="AD",Inputs!$B$8*F53/(2*J53),2*Inputs!$B$8*F53/J53)) -> 0.0041631936 | O53: =MIN(Inputs!$B$26,M53*L53) -> 0.0023504537 | P53: =MIN(Inputs!$B$26,O53*Inputs!$B$19) -> 0.023504537 | Q53: =MIN(O53,N53*Inputs!$B$21) -> 0.00020815968 | U53: =IF(COUNT(R53:T53)>0,"Published spec (+calc where blank)","Calculated (this workbook)") -> Calculated (this workbook) | V53: =IF(R53="",MAX(P53,W53),R53) -> 0.023504537 | W53: =IF(S53="",O53,S53) -> 0.0023504537 | X53: =IF(T53="",Q53,T53) -> 0.00020815968 | Y53: =IF(S53="","",IF(O53<S53,"Calc STRICTER (lower)","Calc more lenient (higher)")) | Z53: =IF(B53="XL","Hemizygous male AF (grpmax)","grpmax FAF95; check SAS, IndiGen, GenomeIndia") -> grpmax FAF95; check SAS, IndiGen, GenomeIndia
A54: CLN3 | B54: AR | C54: NCL/RP | D54: =SUMIF(Indian_Gene_Shares!$B$5:$B$47,A54,Indian_Gene_Shares!$G$5:$G$47) -> 0 | E54: =IFERROR(INDEX(ARIDE_Cohort!$C$6:$C$207,MATCH(A54,ARIDE_Cohort!$A$6:$A$207,0)),0) -> 0 | F54: =MAX(Inputs!$B$24,IF(AND(Inputs!$B$29="ARIDE cohort",ARIDE_Cohort!$B$3>=Inputs!$B$30),E54,D54)) -> 0.01 | G54: =IF(AND(Inputs!$B$29="ARIDE cohort",ARIDE_Cohort!$B$3>=Inputs!$B$30),IF(E54>Inputs!$B$24,"ARIDE cohort","Floor (ARIDE share below floor)"),IF(D54>Inputs!$B$24,"Indian literature",IF(D54>0,"Floor (Indian share below floor)","Floor (no Indian data)"))) -> Floor (no Indian data) | H54: =IF(B54="AR",Inputs!$B$14,IF(B54="AD",Inputs!$B$15,Inputs!$B$16)) -> 1 | J54: =IF(I54="",H54,I54) -> 1 | L54: =IF(K54="",Inputs!$B$20,K54) -> 0.5 | M54: =IF(B54="AR",SQRT(Inputs!$B$9*F54/J54),IF(B54="AD",Inputs!$B$9*F54/(2*J54),2*Inputs!$B$9*F54/J54)) -> 0.0047009074 | N54: =IF(B54="AR",IF(Inputs!$B$25=0,SQRT(Inputs!$B$8*F54/J54),(-Inputs!$B$25+SQRT(Inputs!$B$25^2+4*(1-Inputs!$B$25)*Inputs!$B$8*F54/J54))/(2*(1-Inputs!$B$25))),IF(B54="AD",Inputs!$B$8*F54/(2*J54),2*Inputs!$B$8*F54/J54)) -> 0.0041631936 | O54: =MIN(Inputs!$B$26,M54*L54) -> 0.0023504537 | P54: =MIN(Inputs!$B$26,O54*Inputs!$B$19) -> 0.023504537 | Q54: =MIN(O54,N54*Inputs!$B$21) -> 0.00020815968 | U54: =IF(COUNT(R54:T54)>0,"Published spec (+calc where blank)","Calculated (this workbook)") -> Calculated (this workbook) | V54: =IF(R54="",MAX(P54,W54),R54) -> 0.023504537 | W54: =IF(S54="",O54,S54) -> 0.0023504537 | X54: =IF(T54="",Q54,T54) -> 0.00020815968 | Y54: =IF(S54="","",IF(O54<S54,"Calc STRICTER (lower)","Calc more lenient (higher)")) | Z54: =IF(B54="XL","Hemizygous male AF (grpmax)","grpmax FAF95; check SAS, IndiGen, GenomeIndia") -> grpmax FAF95; check SAS, IndiGen, GenomeIndia
A55: CLN5 | B55: AR | C55: NCL | D55: =SUMIF(Indian_Gene_Shares!$B$5:$B$47,A55,Indian_Gene_Shares!$G$5:$G$47) -> 0 | E55: =IFERROR(INDEX(ARIDE_Cohort!$C$6:$C$207,MATCH(A55,ARIDE_Cohort!$A$6:$A$207,0)),0) -> 0 | F55: =MAX(Inputs!$B$24,IF(AND(Inputs!$B$29="ARIDE cohort",ARIDE_Cohort!$B$3>=Inputs!$B$30),E55,D55)) -> 0.01 | G55: =IF(AND(Inputs!$B$29="ARIDE cohort",ARIDE_Cohort!$B$3>=Inputs!$B$30),IF(E55>Inputs!$B$24,"ARIDE cohort","Floor (ARIDE share below floor)"),IF(D55>Inputs!$B$24,"Indian literature",IF(D55>0,"Floor (Indian share below floor)","Floor (no Indian data)"))) -> Floor (no Indian data) | H55: =IF(B55="AR",Inputs!$B$14,IF(B55="AD",Inputs!$B$15,Inputs!$B$16)) -> 1 | J55: =IF(I55="",H55,I55) -> 1 | L55: =IF(K55="",Inputs!$B$20,K55) -> 0.5 | M55: =IF(B55="AR",SQRT(Inputs!$B$9*F55/J55),IF(B55="AD",Inputs!$B$9*F55/(2*J55),2*Inputs!$B$9*F55/J55)) -> 0.0047009074 | N55: =IF(B55="AR",IF(Inputs!$B$25=0,SQRT(Inputs!$B$8*F55/J55),(-Inputs!$B$25+SQRT(Inputs!$B$25^2+4*(1-Inputs!$B$25)*Inputs!$B$8*F55/J55))/(2*(1-Inputs!$B$25))),IF(B55="AD",Inputs!$B$8*F55/(2*J55),2*Inputs!$B$8*F55/J55)) -> 0.0041631936 | O55: =MIN(Inputs!$B$26,M55*L55) -> 0.0023504537 | P55: =MIN(Inputs!$B$26,O55*Inputs!$B$19) -> 0.023504537 | Q55: =MIN(O55,N55*Inputs!$B$21) -> 0.00020815968 | U55: =IF(COUNT(R55:T55)>0,"Published spec (+calc where blank)","Calculated (this workbook)") -> Calculated (this workbook) | V55: =IF(R55="",MAX(P55,W55),R55) -> 0.023504537 | W55: =IF(S55="",O55,S55) -> 0.0023504537 | X55: =IF(T55="",Q55,T55) -> 0.00020815968 | Y55: =IF(S55="","",IF(O55<S55,"Calc STRICTER (lower)","Calc more lenient (higher)")) | Z55: =IF(B55="XL","Hemizygous male AF (grpmax)","grpmax FAF95; check SAS, IndiGen, GenomeIndia") -> grpmax FAF95; check SAS, IndiGen, GenomeIndia
A56: CLRN1 | B56: AR | C56: USH3/RP | D56: =SUMIF(Indian_Gene_Shares!$B$5:$B$47,A56,Indian_Gene_Shares!$G$5:$G$47) -> 0 | E56: =IFERROR(INDEX(ARIDE_Cohort!$C$6:$C$207,MATCH(A56,ARIDE_Cohort!$A$6:$A$207,0)),0) -> 0 | F56: =MAX(Inputs!$B$24,IF(AND(Inputs!$B$29="ARIDE cohort",ARIDE_Cohort!$B$3>=Inputs!$B$30),E56,D56)) -> 0.01 | G56: =IF(AND(Inputs!$B$29="ARIDE cohort",ARIDE_Cohort!$B$3>=Inputs!$B$30),IF(E56>Inputs!$B$24,"ARIDE cohort","Floor (ARIDE share below floor)"),IF(D56>Inputs!$B$24,"Indian literature",IF(D56>0,"Floor (Indian share below floor)","Floor (no Indian data)"))) -> Floor (no Indian data) | H56: =IF(B56="AR",Inputs!$B$14,IF(B56="AD",Inputs!$B$15,Inputs!$B$16)) -> 1 | J56: =IF(I56="",H56,I56) -> 1 | L56: =IF(K56="",Inputs!$B$20,K56) -> 0.5 | M56: =IF(B56="AR",SQRT(Inputs!$B$9*F56/J56),IF(B56="AD",Inputs!$B$9*F56/(2*J56),2*Inputs!$B$9*F56/J56)) -> 0.0047009074 | N56: =IF(B56="AR",IF(Inputs!$B$25=0,SQRT(Inputs!$B$8*F56/J56),(-Inputs!$B$25+SQRT(Inputs!$B$25^2+4*(1-Inputs!$B$25)*Inputs!$B$8*F56/J56))/(2*(1-Inputs!$B$25))),IF(B56="AD",Inputs!$B$8*F56/(2*J56),2*Inputs!$B$8*F56/J56)) -> 0.0041631936 | O56: =MIN(Inputs!$B$26,M56*L56) -> 0.0023504537 | P56: =MIN(Inputs!$B$26,O56*Inputs!$B$19) -> 0.023504537 | Q56: =MIN(O56,N56*Inputs!$B$21) -> 0.00020815968 | U56: =IF(COUNT(R56:T56)>0,"Published spec (+calc where blank)","Calculated (this workbook)") -> Calculated (this workbook) | V56: =IF(R56="",MAX(P56,W56),R56) -> 0.023504537 | W56: =IF(S56="",O56,S56) -> 0.0023504537 | X56: =IF(T56="",Q56,T56) -> 0.00020815968 | Y56: =IF(S56="","",IF(O56<S56,"Calc STRICTER (lower)","Calc more lenient (higher)")) | Z56: =IF(B56="XL","Hemizygous male AF (grpmax)","grpmax FAF95; check SAS, IndiGen, GenomeIndia") -> grpmax FAF95; check SAS, IndiGen, GenomeIndia
A57: CNGA1 | B57: AR | C57: RP | D57: =SUMIF(Indian_Gene_Shares!$B$5:$B$47,A57,Indian_Gene_Shares!$G$5:$G$47) -> 0.023078457 | E57: =IFERROR(INDEX(ARIDE_Cohort!$C$6:$C$207,MATCH(A57,ARIDE_Cohort!$A$6:$A$207,0)),0) -> 0 | F57: =MAX(Inputs!$B$24,IF(AND(Inputs!$B$29="ARIDE cohort",ARIDE_Cohort!$B$3>=Inputs!$B$30),E57,D57)) -> 0.023078457 | G57: =IF(AND(Inputs!$B$29="ARIDE cohort",ARIDE_Cohort!$B$3>=Inputs!$B$30),IF(E57>Inputs!$B$24,"ARIDE cohort","Floor (ARIDE share below floor)"),IF(D57>Inputs!$B$24,"Indian literature",IF(D57>0,"Floor (Indian share below floor)","Floor (no Indian data)"))) -> Indian literature | H57: =IF(B57="AR",Inputs!$B$14,IF(B57="AD",Inputs!$B$15,Inputs!$B$16)) -> 1 | J57: =IF(I57="",H57,I57) -> 1 | L57: =IF(K57="",Inputs!$B$20,K57) -> 0.5 | M57: =IF(B57="AR",SQRT(Inputs!$B$9*F57/J57),IF(B57="AD",Inputs!$B$9*F57/(2*J57),2*Inputs!$B$9*F57/J57)) -> 0.0071414284 | N57: =IF(B57="AR",IF(Inputs!$B$25=0,SQRT(Inputs!$B$8*F57/J57),(-Inputs!$B$25+SQRT(Inputs!$B$25^2+4*(1-Inputs!$B$25)*Inputs!$B$8*F57/J57))/(2*(1-Inputs!$B$25))),IF(B57="AD",Inputs!$B$8*F57/(2*J57),2*Inputs!$B$8*F57/J57)) -> 0.0063245553 | O57: =MIN(Inputs!$B$26,M57*L57) -> 0.0035707142 | P57: =MIN(Inputs!$B$26,O57*Inputs!$B$19) -> 0.035707142 | Q57: =MIN(O57,N57*Inputs!$B$21) -> 0.00031622777 | U57: =IF(COUNT(R57:T57)>0,"Published spec (+calc where blank)","Calculated (this workbook)") -> Calculated (this workbook) | V57: =IF(R57="",MAX(P57,W57),R57) -> 0.035707142 | W57: =IF(S57="",O57,S57) -> 0.0035707142 | X57: =IF(T57="",Q57,T57) -> 0.00031622777 | Y57: =IF(S57="","",IF(O57<S57,"Calc STRICTER (lower)","Calc more lenient (higher)")) | Z57: =IF(B57="XL","Hemizygous male AF (grpmax)","grpmax FAF95; check SAS, IndiGen, GenomeIndia") -> grpmax FAF95; check SAS, IndiGen, GenomeIndia
A58: CNGA3 | B58: AR | C58: ACHM | D58: =SUMIF(Indian_Gene_Shares!$B$5:$B$47,A58,Indian_Gene_Shares!$G$5:$G$47) -> 0.0059267097 | E58: =IFERROR(INDEX(ARIDE_Cohort!$C$6:$C$207,MATCH(A58,ARIDE_Cohort!$A$6:$A$207,0)),0) -> 0 | F58: =MAX(Inputs!$B$24,IF(AND(Inputs!$B$29="ARIDE cohort",ARIDE_Cohort!$B$3>=Inputs!$B$30),E58,D58)) -> 0.01 | G58: =IF(AND(Inputs!$B$29="ARIDE cohort",ARIDE_Cohort!$B$3>=Inputs!$B$30),IF(E58>Inputs!$B$24,"ARIDE cohort","Floor (ARIDE share below floor)"),IF(D58>Inputs!$B$24,"Indian literature",IF(D58>0,"Floor (Indian share below floor)","Floor (no Indian data)"))) -> Floor (Indian share below floor) | H58: =IF(B58="AR",Inputs!$B$14,IF(B58="AD",Inputs!$B$15,Inputs!$B$16)) -> 1 | J58: =IF(I58="",H58,I58) -> 1 | L58: =IF(K58="",Inputs!$B$20,K58) -> 0.5 | M58: =IF(B58="AR",SQRT(Inputs!$B$9*F58/J58),IF(B58="AD",Inputs!$B$9*F58/(2*J58),2*Inputs!$B$9*F58/J58)) -> 0.0047009074 | N58: =IF(B58="AR",IF(Inputs!$B$25=0,SQRT(Inputs!$B$8*F58/J58),(-Inputs!$B$25+SQRT(Inputs!$B$25^2+4*(1-Inputs!$B$25)*Inputs!$B$8*F58/J58))/(2*(1-Inputs!$B$25))),IF(B58="AD",Inputs!$B$8*F58/(2*J58),2*Inputs!$B$8*F58/J58)) -> 0.0041631936 | O58: =MIN(Inputs!$B$26,M58*L58) -> 0.0023504537 | P58: =MIN(Inputs!$B$26,O58*Inputs!$B$19) -> 0.023504537 | Q58: =MIN(O58,N58*Inputs!$B$21) -> 0.00020815968 | U58: =IF(COUNT(R58:T58)>0,"Published spec (+calc where blank)","Calculated (this workbook)") -> Calculated (this workbook) | V58: =IF(R58="",MAX(P58,W58),R58) -> 0.023504537 | W58: =IF(S58="",O58,S58) -> 0.0023504537 | X58: =IF(T58="",Q58,T58) -> 0.00020815968 | Y58: =IF(S58="","",IF(O58<S58,"Calc STRICTER (lower)","Calc more lenient (higher)")) | Z58: =IF(B58="XL","Hemizygous male AF (grpmax)","grpmax FAF95; check SAS, IndiGen, GenomeIndia") -> grpmax FAF95; check SAS, IndiGen, GenomeIndia
A59: CNGB1 | B59: AR | C59: RP | D59: =SUMIF(Indian_Gene_Shares!$B$5:$B$47,A59,Indian_Gene_Shares!$G$5:$G$47) -> 0 | E59: =IFERROR(INDEX(ARIDE_Cohort!$C$6:$C$207,MATCH(A59,ARIDE_Cohort!$A$6:$A$207,0)),0) -> 0 | F59: =MAX(Inputs!$B$24,IF(AND(Inputs!$B$29="ARIDE cohort",ARIDE_Cohort!$B$3>=Inputs!$B$30),E59,D59)) -> 0.01 | G59: =IF(AND(Inputs!$B$29="ARIDE cohort",ARIDE_Cohort!$B$3>=Inputs!$B$30),IF(E59>Inputs!$B$24,"ARIDE cohort","Floor (ARIDE share below floor)"),IF(D59>Inputs!$B$24,"Indian literature",IF(D59>0,"Floor (Indian share below floor)","Floor (no Indian data)"))) -> Floor (no Indian data) | H59: =IF(B59="AR",Inputs!$B$14,IF(B59="AD",Inputs!$B$15,Inputs!$B$16)) -> 1 | J59: =IF(I59="",H59,I59) -> 1 | L59: =IF(K59="",Inputs!$B$20,K59) -> 0.5 | M59: =IF(B59="AR",SQRT(Inputs!$B$9*F59/J59),IF(B59="AD",Inputs!$B$9*F59/(2*J59),2*Inputs!$B$9*F59/J59)) -> 0.0047009074 | N59: =IF(B59="AR",IF(Inputs!$B$25=0,SQRT(Inputs!$B$8*F59/J59),(-Inputs!$B$25+SQRT(Inputs!$B$25^2+4*(1-Inputs!$B$25)*Inputs!$B$8*F59/J59))/(2*(1-Inputs!$B$25))),IF(B59="AD",Inputs!$B$8*F59/(2*J59),2*Inputs!$B$8*F59/J59)) -> 0.0041631936 | O59: =MIN(Inputs!$B$26,M59*L59) -> 0.0023504537 | P59: =MIN(Inputs!$B$26,O59*Inputs!$B$19) -> 0.023504537 | Q59: =MIN(O59,N59*Inputs!$B$21) -> 0.00020815968 | U59: =IF(COUNT(R59:T59)>0,"Published spec (+calc where blank)","Calculated (this workbook)") -> Calculated (this workbook) | V59: =IF(R59="",MAX(P59,W59),R59) -> 0.023504537 | W59: =IF(S59="",O59,S59) -> 0.0023504537 | X59: =IF(T59="",Q59,T59) -> 0.00020815968 | Y59: =IF(S59="","",IF(O59<S59,"Calc STRICTER (lower)","Calc more lenient (higher)")) | Z59: =IF(B59="XL","Hemizygous male AF (grpmax)","grpmax FAF95; check SAS, IndiGen, GenomeIndia") -> grpmax FAF95; check SAS, IndiGen, GenomeIndia
A60: CNGB3 | B60: AR | C60: ACHM | D60: =SUMIF(Indian_Gene_Shares!$B$5:$B$47,A60,Indian_Gene_Shares!$G$5:$G$47) -> 0 | E60: =IFERROR(INDEX(ARIDE_Cohort!$C$6:$C$207,MATCH(A60,ARIDE_Cohort!$A$6:$A$207,0)),0) -> 0 | F60: =MAX(Inputs!$B$24,IF(AND(Inputs!$B$29="ARIDE cohort",ARIDE_Cohort!$B$3>=Inputs!$B$30),E60,D60)) -> 0.01 | G60: =IF(AND(Inputs!$B$29="ARIDE cohort",ARIDE_Cohort!$B$3>=Inputs!$B$30),IF(E60>Inputs!$B$24,"ARIDE cohort","Floor (ARIDE share below floor)"),IF(D60>Inputs!$B$24,"Indian literature",IF(D60>0,"Floor (Indian share below floor)","Floor (no Indian data)"))) -> Floor (no Indian data) | H60: =IF(B60="AR",Inputs!$B$14,IF(B60="AD",Inputs!$B$15,Inputs!$B$16)) -> 1 | J60: =IF(I60="",H60,I60) -> 1 | L60: =IF(K60="",Inputs!$B$20,K60) -> 0.5 | M60: =IF(B60="AR",SQRT(Inputs!$B$9*F60/J60),IF(B60="AD",Inputs!$B$9*F60/(2*J60),2*Inputs!$B$9*F60/J60)) -> 0.0047009074 | N60: =IF(B60="AR",IF(Inputs!$B$25=0,SQRT(Inputs!$B$8*F60/J60),(-Inputs!$B$25+SQRT(Inputs!$B$25^2+4*(1-Inputs!$B$25)*Inputs!$B$8*F60/J60))/(2*(1-Inputs!$B$25))),IF(B60="AD",Inputs!$B$8*F60/(2*J60),2*Inputs!$B$8*F60/J60)) -> 0.0041631936 | O60: =MIN(Inputs!$B$26,M60*L60) -> 0.0023504537 | P60: =MIN(Inputs!$B$26,O60*Inputs!$B$19) -> 0.023504537 | Q60: =MIN(O60,N60*Inputs!$B$21) -> 0.00020815968 | U60: =IF(COUNT(R60:T60)>0,"Published spec (+calc where blank)","Calculated (this workbook)") -> Calculated (this workbook) | V60: =IF(R60="",MAX(P60,W60),R60) -> 0.023504537 | W60: =IF(S60="",O60,S60) -> 0.0023504537 | X60: =IF(T60="",Q60,T60) -> 0.00020815968 | Y60: =IF(S60="","",IF(O60<S60,"Calc STRICTER (lower)","Calc more lenient (higher)")) | Z60: =IF(B60="XL","Hemizygous male AF (grpmax)","grpmax FAF95; check SAS, IndiGen, GenomeIndia") -> grpmax FAF95; check SAS, IndiGen, GenomeIndia
A61: CNNM4 | B61: AR | C61: Jalili | D61: =SUMIF(Indian_Gene_Shares!$B$5:$B$47,A61,Indian_Gene_Shares!$G$5:$G$47) -> 0 | E61: =IFERROR(INDEX(ARIDE_Cohort!$C$6:$C$207,MATCH(A61,ARIDE_Cohort!$A$6:$A$207,0)),0) -> 0 | F61: =MAX(Inputs!$B$24,IF(AND(Inputs!$B$29="ARIDE cohort",ARIDE_Cohort!$B$3>=Inputs!$B$30),E61,D61)) -> 0.01 | G61: =IF(AND(Inputs!$B$29="ARIDE cohort",ARIDE_Cohort!$B$3>=Inputs!$B$30),IF(E61>Inputs!$B$24,"ARIDE cohort","Floor (ARIDE share below floor)"),IF(D61>Inputs!$B$24,"Indian literature",IF(D61>0,"Floor (Indian share below floor)","Floor (no Indian data)"))) -> Floor (no Indian data) | H61: =IF(B61="AR",Inputs!$B$14,IF(B61="AD",Inputs!$B$15,Inputs!$B$16)) -> 1 | J61: =IF(I61="",H61,I61) -> 1 | L61: =IF(K61="",Inputs!$B$20,K61) -> 0.5 | M61: =IF(B61="AR",SQRT(Inputs!$B$9*F61/J61),IF(B61="AD",Inputs!$B$9*F61/(2*J61),2*Inputs!$B$9*F61/J61)) -> 0.0047009074 | N61: =IF(B61="AR",IF(Inputs!$B$25=0,SQRT(Inputs!$B$8*F61/J61),(-Inputs!$B$25+SQRT(Inputs!$B$25^2+4*(1-Inputs!$B$25)*Inputs!$B$8*F61/J61))/(2*(1-Inputs!$B$25))),IF(B61="AD",Inputs!$B$8*F61/(2*J61),2*Inputs!$B$8*F61/J61)) -> 0.0041631936 | O61: =MIN(Inputs!$B$26,M61*L61) -> 0.0023504537 | P61: =MIN(Inputs!$B$26,O61*Inputs!$B$19) -> 0.023504537 | Q61: =MIN(O61,N61*Inputs!$B$21) -> 0.00020815968 | U61: =IF(COUNT(R61:T61)>0,"Published spec (+calc where blank)","Calculated (this workbook)") -> Calculated (this workbook) | V61: =IF(R61="",MAX(P61,W61),R61) -> 0.023504537 | W61: =IF(S61="",O61,S61) -> 0.0023504537 | X61: =IF(T61="",Q61,T61) -> 0.00020815968 | Y61: =IF(S61="","",IF(O61<S61,"Calc STRICTER (lower)","Calc more lenient (higher)")) | Z61: =IF(B61="XL","Hemizygous male AF (grpmax)","grpmax FAF95; check SAS, IndiGen, GenomeIndia") -> grpmax FAF95; check SAS, IndiGen, GenomeIndia
A62: CPLANE1 | B62: AR | C62: JS | D62: =SUMIF(Indian_Gene_Shares!$B$5:$B$47,A62,Indian_Gene_Shares!$G$5:$G$47) -> 0.00099947758 | E62: =IFERROR(INDEX(ARIDE_Cohort!$C$6:$C$207,MATCH(A62,ARIDE_Cohort!$A$6:$A$207,0)),0) -> 0 | F62: =MAX(Inputs!$B$24,IF(AND(Inputs!$B$29="ARIDE cohort",ARIDE_Cohort!$B$3>=Inputs!$B$30),E62,D62)) -> 0.01 | G62: =IF(AND(Inputs!$B$29="ARIDE cohort",ARIDE_Cohort!$B$3>=Inputs!$B$30),IF(E62>Inputs!$B$24,"ARIDE cohort","Floor (ARIDE share below floor)"),IF(D62>Inputs!$B$24,"Indian literature",IF(D62>0,"Floor (Indian share below floor)","Floor (no Indian data)"))) -> Floor (Indian share below floor) | H62: =IF(B62="AR",Inputs!$B$14,IF(B62="AD",Inputs!$B$15,Inputs!$B$16)) -> 1 | J62: =IF(I62="",H62,I62) -> 1 | L62: =IF(K62="",Inputs!$B$20,K62) -> 0.5 | M62: =IF(B62="AR",SQRT(Inputs!$B$9*F62/J62),IF(B62="AD",Inputs!$B$9*F62/(2*J62),2*Inputs!$B$9*F62/J62)) -> 0.0047009074 | N62: =IF(B62="AR",IF(Inputs!$B$25=0,SQRT(Inputs!$B$8*F62/J62),(-Inputs!$B$25+SQRT(Inputs!$B$25^2+4*(1-Inputs!$B$25)*Inputs!$B$8*F62/J62))/(2*(1-Inputs!$B$25))),IF(B62="AD",Inputs!$B$8*F62/(2*J62),2*Inputs!$B$8*F62/J62)) -> 0.0041631936 | O62: =MIN(Inputs!$B$26,M62*L62) -> 0.0023504537 | P62: =MIN(Inputs!$B$26,O62*Inputs!$B$19) -> 0.023504537 | Q62: =MIN(O62,N62*Inputs!$B$21) -> 0.00020815968 | U62: =IF(COUNT(R62:T62)>0,"Published spec (+calc where blank)","Calculated (this workbook)") -> Calculated (this workbook) | V62: =IF(R62="",MAX(P62,W62),R62) -> 0.023504537 | W62: =IF(S62="",O62,S62) -> 0.0023504537 | X62: =IF(T62="",Q62,T62) -> 0.00020815968 | Y62: =IF(S62="","",IF(O62<S62,"Calc STRICTER (lower)","Calc more lenient (higher)")) | Z62: =IF(B62="XL","Hemizygous male AF (grpmax)","grpmax FAF95; check SAS, IndiGen, GenomeIndia") -> grpmax FAF95; check SAS, IndiGen, GenomeIndia
... A124: MVK | B124: AR | C124: RP | D124: =SUMIF(Indian_Gene_Shares!$B$5:$B$47,A124,Indian_Gene_Shares!$G$5:$G$47) -> 0 | E124: =IFERROR(INDEX(ARIDE_Cohort!$C$6:$C$207,MATCH(A124,ARIDE_Cohort!$A$6:$A$207,0)),0) -> 0 | F124: =MAX(Inputs!$B$24,IF(AND(Inputs!$B$29="ARIDE cohort",ARIDE_Cohort!$B$3>=Inputs!$B$30),E124,D124)) -> 0.01 | G124: =IF(AND(Inputs!$B$29="ARIDE cohort",ARIDE_Cohort!$B$3>=Inputs!$B$30),IF(E124>Inputs!$B$24,"ARIDE cohort","Floor (ARIDE share below floor)"),IF(D124>Inputs!$B$24,"Indian literature",IF(D124>0,"Floor (Indian share below floor)","Floor (no Indian data)"))) -> Floor (no Indian data) | H124: =IF(B124="AR",Inputs!$B$14,IF(B124="AD",Inputs!$B$15,Inputs!$B$16)) -> 1 | J124: =IF(I124="",H124,I124) -> 1 | L124: =IF(K124="",Inputs!$B$20,K124) -> 0.5 | M124: =IF(B124="AR",SQRT(Inputs!$B$9*F124/J124),IF(B124="AD",Inputs!$B$9*F124/(2*J124),2*Inputs!$B$9*F124/J124)) -> 0.0047009074 | N124: =IF(B124="AR",IF(Inputs!$B$25=0,SQRT(Inputs!$B$8*F124/J124),(-Inputs!$B$25+SQRT(Inputs!$B$25^2+4*(1-Inputs!$B$25)*Inputs!$B$8*F124/J124))/(2*(1-Inputs!$B$25))),IF(B124="AD",Inputs!$B$8*F124/(2*J124),2*Inputs!$B$8*F124/J124)) -> 0.0041631936 | O124: =MIN(Inputs!$B$26,M124*L124) -> 0.0023504537 | P124: =MIN(Inputs!$B$26,O124*Inputs!$B$19) -> 0.023504537 | Q124: =MIN(O124,N124*Inputs!$B$21) -> 0.00020815968 | U124: =IF(COUNT(R124:T124)>0,"Published spec (+calc where blank)","Calculated (this workbook)") -> Calculated (this workbook) | V124: =IF(R124="",MAX(P124,W124),R124) -> 0.023504537 | W124: =IF(S124="",O124,S124) -> 0.0023504537 | X124: =IF(T124="",Q124,T124) -> 0.00020815968 | Y124: =IF(S124="","",IF(O124<S124,"Calc STRICTER (lower)","Calc more lenient (higher)")) | Z124: =IF(B124="XL","Hemizygous male AF (grpmax)","grpmax FAF95; check SAS, IndiGen, GenomeIndia") -> grpmax FAF95; check SAS, IndiGen, GenomeIndia
A125: MYO7A | B125: AR | C125: USH1 | D125: =SUMIF(Indian_Gene_Shares!$B$5:$B$47,A125,Indian_Gene_Shares!$G$5:$G$47) -> 0.023964666 | E125: =IFERROR(INDEX(ARIDE_Cohort!$C$6:$C$207,MATCH(A125,ARIDE_Cohort!$A$6:$A$207,0)),0) -> 0 | F125: =MAX(Inputs!$B$24,IF(AND(Inputs!$B$29="ARIDE cohort",ARIDE_Cohort!$B$3>=Inputs!$B$30),E125,D125)) -> 0.023964666 | G125: =IF(AND(Inputs!$B$29="ARIDE cohort",ARIDE_Cohort!$B$3>=Inputs!$B$30),IF(E125>Inputs!$B$24,"ARIDE cohort","Floor (ARIDE share below floor)"),IF(D125>Inputs!$B$24,"Indian literature",IF(D125>0,"Floor (Indian share below floor)","Floor (no Indian data)"))) -> Indian literature | H125: =IF(B125="AR",Inputs!$B$14,IF(B125="AD",Inputs!$B$15,Inputs!$B$16)) -> 1 | J125: =IF(I125="",H125,I125) -> 1 | L125: =IF(K125="",Inputs!$B$20,K125) -> 0.5 | M125: =IF(B125="AR",SQRT(Inputs!$B$9*F125/J125),IF(B125="AD",Inputs!$B$9*F125/(2*J125),2*Inputs!$B$9*F125/J125)) -> 0.0072772515 | N125: =IF(B125="AR",IF(Inputs!$B$25=0,SQRT(Inputs!$B$8*F125/J125),(-Inputs!$B$25+SQRT(Inputs!$B$25^2+4*(1-Inputs!$B$25)*Inputs!$B$8*F125/J125))/(2*(1-Inputs!$B$25))),IF(B125="AD",Inputs!$B$8*F125/(2*J125),2*Inputs!$B$8*F125/J125)) -> 0.0064448423 | O125: =MIN(Inputs!$B$26,M125*L125) -> 0.0036386258 | P125: =MIN(Inputs!$B$26,O125*Inputs!$B$19) -> 0.036386258 | Q125: =MIN(O125,N125*Inputs!$B$21) -> 0.00032224211 | R125: 0.005 | S125: 0.003 | T125: 7e-05 | U125: =IF(COUNT(R125:T125)>0,"Published spec (+calc where blank)","Calculated (this workbook)") -> Published spec (+calc where blank) | V125: =IF(R125="",MAX(P125,W125),R125) -> 0.005 | W125: =IF(S125="",O125,S125) -> 0.003 | X125: =IF(T125="",Q125,T125) -> 7e-05 | Y125: =IF(S125="","",IF(O125<S125,"Calc STRICTER (lower)","Calc more lenient (higher)")) -> Calc more lenient (higher) | Z125: =IF(B125="XL","Hemizygous male AF (grpmax)","grpmax FAF95; check SAS, IndiGen, GenomeIndia") -> grpmax FAF95; check SAS, IndiGen, GenomeIndia | AA125: ClinGen Hearing Loss VCEP v2 (AR): BA1 >=0.5%; BS1 >=0.3%; PM2_Sup <=0.007% | AB125: Indian USH share based on only 5 reported variants — provisional.
A126: NDP | B126: XL | C126: FEVR/Norrie | D126: =SUMIF(Indian_Gene_Shares!$B$5:$B$47,A126,Indian_Gene_Shares!$G$5:$G$47) -> 0 | E126: =IFERROR(INDEX(ARIDE_Cohort!$C$6:$C$207,MATCH(A126,ARIDE_Cohort!$A$6:$A$207,0)),0) -> 0 | F126: =MAX(Inputs!$B$24,IF(AND(Inputs!$B$29="ARIDE cohort",ARIDE_Cohort!$B$3>=Inputs!$B$30),E126,D126)) -> 0.01 | G126: =IF(AND(Inputs!$B$29="ARIDE cohort",ARIDE_Cohort!$B$3>=Inputs!$B$30),IF(E126>Inputs!$B$24,"ARIDE cohort","Floor (ARIDE share below floor)"),IF(D126>Inputs!$B$24,"Indian literature",IF(D126>0,"Floor (Indian share below floor)","Floor (no Indian data)"))) -> Floor (no Indian data) | H126: =IF(B126="AR",Inputs!$B$14,IF(B126="AD",Inputs!$B$15,Inputs!$B$16)) -> 1 | J126: =IF(I126="",H126,I126) -> 1 | L126: =IF(K126="",Inputs!$B$20,K126) -> 0.5 | M126: =IF(B126="AR",SQRT(Inputs!$B$9*F126/J126),IF(B126="AD",Inputs!$B$9*F126/(2*J126),2*Inputs!$B$9*F126/J126)) -> 4.4197061e-05 | N126: =IF(B126="AR",IF(Inputs!$B$25=0,SQRT(Inputs!$B$8*F126/J126),(-Inputs!$B$25+SQRT(Inputs!$B$25^2+4*(1-Inputs!$B$25)*Inputs!$B$8*F126/J126))/(2*(1-Inputs!$B$25))),IF(B126="AD",Inputs!$B$8*F126/(2*J126),2*Inputs!$B$8*F126/J126)) -> 3.4664362e-05 | O126: =MIN(Inputs!$B$26,M126*L126) -> 2.2098531e-05 | P126: =MIN(Inputs!$B$26,O126*Inputs!$B$19) -> 0.00022098531 | Q126: =MIN(O126,N126*Inputs!$B$21) -> 1.7332181e-06 | U126: =IF(COUNT(R126:T126)>0,"Published spec (+calc where blank)","Calculated (this workbook)") -> Calculated (this workbook) | V126: =IF(R126="",MAX(P126,W126),R126) -> 0.00022098531 | W126: =IF(S126="",O126,S126) -> 2.2098531e-05 | X126: =IF(T126="",Q126,T126) -> 1.7332181e-06 | Y126: =IF(S126="","",IF(O126<S126,"Calc STRICTER (lower)","Calc more lenient (higher)")) | Z126: =IF(B126="XL","Hemizygous male AF (grpmax)","grpmax FAF95; check SAS, IndiGen, GenomeIndia") -> Hemizygous male AF (grpmax)
A127: NEK2 | B127: AR | C127: RP | D127: =SUMIF(Indian_Gene_Shares!$B$5:$B$47,A127,Indian_Gene_Shares!$G$5:$G$47) -> 0 | E127: =IFERROR(INDEX(ARIDE_Cohort!$C$6:$C$207,MATCH(A127,ARIDE_Cohort!$A$6:$A$207,0)),0) -> 0 | F127: =MAX(Inputs!$B$24,IF(AND(Inputs!$B$29="ARIDE cohort",ARIDE_Cohort!$B$3>=Inputs!$B$30),E127,D127)) -> 0.01 | G127: =IF(AND(Inputs!$B$29="ARIDE cohort",ARIDE_Cohort!$B$3>=Inputs!$B$30),IF(E127>Inputs!$B$24,"ARIDE cohort","Floor (ARIDE share below floor)"),IF(D127>Inputs!$B$24,"Indian literature",IF(D127>0,"Floor (Indian share below floor)","Floor (no Indian data)"))) -> Floor (no Indian data) | H127: =IF(B127="AR",Inputs!$B$14,IF(B127="AD",Inputs!$B$15,Inputs!$B$16)) -> 1 | J127: =IF(I127="",H127,I127) -> 1 | L127: =IF(K127="",Inputs!$B$20,K127) -> 0.5 | M127: =IF(B127="AR",SQRT(Inputs!$B$9*F127/J127),IF(B127="AD",Inputs!$B$9*F127/(2*J127),2*Inputs!$B$9*F127/J127)) -> 0.0047009074 | N127: =IF(B127="AR",IF(Inputs!$B$25=0,SQRT(Inputs!$B$8*F127/J127),(-Inputs!$B$25+SQRT(Inputs!$B$25^2+4*(1-Inputs!$B$25)*Inputs!$B$8*F127/J127))/(2*(1-Inputs!$B$25))),IF(B127="AD",Inputs!$B$8*F127/(2*J127),2*Inputs!$B$8*F127/J127)) -> 0.0041631936 | O127: =MIN(Inputs!$B$26,M127*L127) -> 0.0023504537 | P127: =MIN(Inputs!$B$26,O127*Inputs!$B$19) -> 0.023504537 | Q127: =MIN(O127,N127*Inputs!$B$21) -> 0.00020815968 | U127: =IF(COUNT(R127:T127)>0,"Published spec (+calc where blank)","Calculated (this workbook)") -> Calculated (this workbook) | V127: =IF(R127="",MAX(P127,W127),R127) -> 0.023504537 | W127: =IF(S127="",O127,S127) -> 0.0023504537 | X127: =IF(T127="",Q127,T127) -> 0.00020815968 | Y127: =IF(S127="","",IF(O127<S127,"Calc STRICTER (lower)","Calc more lenient (higher)")) | Z127: =IF(B127="XL","Hemizygous male AF (grpmax)","grpmax FAF95; check SAS, IndiGen, GenomeIndia") -> grpmax FAF95; check SAS, IndiGen, GenomeIndia
A128: NMNAT1 | B128: AR | C128: LCA | D128: =SUMIF(Indian_Gene_Shares!$B$5:$B$47,A128,Indian_Gene_Shares!$G$5:$G$47) -> 0 | E128: =IFERROR(INDEX(ARIDE_Cohort!$C$6:$C$207,MATCH(A128,ARIDE_Cohort!$A$6:$A$207,0)),0) -> 0 | F128: =MAX(Inputs!$B$24,IF(AND(Inputs!$B$29="ARIDE cohort",ARIDE_Cohort!$B$3>=Inputs!$B$30),E128,D128)) -> 0.01 | G128: =IF(AND(Inputs!$B$29="ARIDE cohort",ARIDE_Cohort!$B$3>=Inputs!$B$30),IF(E128>Inputs!$B$24,"ARIDE cohort","Floor (ARIDE share below floor)"),IF(D128>Inputs!$B$24,"Indian literature",IF(D128>0,"Floor (Indian share below floor)","Floor (no Indian data)"))) -> Floor (no Indian data) | H128: =IF(B128="AR",Inputs!$B$14,IF(B128="AD",Inputs!$B$15,Inputs!$B$16)) -> 1 | J128: =IF(I128="",H128,I128) -> 1 | L128: =IF(K128="",Inputs!$B$20,K128) -> 0.5 | M128: =IF(B128="AR",SQRT(Inputs!$B$9*F128/J128),IF(B128="AD",Inputs!$B$9*F128/(2*J128),2*Inputs!$B$9*F128/J128)) -> 0.0047009074 | N128: =IF(B128="AR",IF(Inputs!$B$25=0,SQRT(Inputs!$B$8*F128/J128),(-Inputs!$B$25+SQRT(Inputs!$B$25^2+4*(1-Inputs!$B$25)*Inputs!$B$8*F128/J128))/(2*(1-Inputs!$B$25))),IF(B128="AD",Inputs!$B$8*F128/(2*J128),2*Inputs!$B$8*F128/J128)) -> 0.0041631936 | O128: =MIN(Inputs!$B$26,M128*L128) -> 0.0023504537 | P128: =MIN(Inputs!$B$26,O128*Inputs!$B$19) -> 0.023504537 | Q128: =MIN(O128,N128*Inputs!$B$21) -> 0.00020815968 | U128: =IF(COUNT(R128:T128)>0,"Published spec (+calc where blank)","Calculated (this workbook)") -> Calculated (this workbook) | V128: =IF(R128="",MAX(P128,W128),R128) -> 0.023504537 | W128: =IF(S128="",O128,S128) -> 0.0023504537 | X128: =IF(T128="",Q128,T128) -> 0.00020815968 | Y128: =IF(S128="","",IF(O128<S128,"Calc STRICTER (lower)","Calc more lenient (higher)")) | Z128: =IF(B128="XL","Hemizygous male AF (grpmax)","grpmax FAF95; check SAS, IndiGen, GenomeIndia") -> grpmax FAF95; check SAS, IndiGen, GenomeIndia
A129: NPHP1 | B129: AR | C129: SLS/JS | D129: =SUMIF(Indian_Gene_Shares!$B$5:$B$47,A129,Indian_Gene_Shares!$G$5:$G$47) -> 0.00011076178 | E129: =IFERROR(INDEX(ARIDE_Cohort!$C$6:$C$207,MATCH(A129,ARIDE_Cohort!$A$6:$A$207,0)),0) -> 0 | F129: =MAX(Inputs!$B$24,IF(AND(Inputs!$B$29="ARIDE cohort",ARIDE_Cohort!$B$3>=Inputs!$B$30),E129,D129)) -> 0.01 | G129: =IF(AND(Inputs!$B$29="ARIDE cohort",ARIDE_Cohort!$B$3>=Inputs!$B$30),IF(E129>Inputs!$B$24,"ARIDE cohort","Floor (ARIDE share below floor)"),IF(D129>Inputs!$B$24,"Indian literature",IF(D129>0,"Floor (Indian share below floor)","Floor (no Indian data)"))) -> Floor (Indian share below floor) | H129: =IF(B129="AR",Inputs!$B$14,IF(B129="AD",Inputs!$B$15,Inputs!$B$16)) -> 1 | J129: =IF(I129="",H129,I129) -> 1 | L129: =IF(K129="",Inputs!$B$20,K129) -> 0.5 | M129: =IF(B129="AR",SQRT(Inputs!$B$9*F129/J129),IF(B129="AD",Inputs!$B$9*F129/(2*J129),2*Inputs!$B$9*F129/J129)) -> 0.0047009074 | N129: =IF(B129="AR",IF(Inputs!$B$25=0,SQRT(Inputs!$B$8*F129/J129),(-Inputs!$B$25+SQRT(Inputs!$B$25^2+4*(1-Inputs!$B$25)*Inputs!$B$8*F129/J129))/(2*(1-Inputs!$B$25))),IF(B129="AD",Inputs!$B$8*F129/(2*J129),2*Inputs!$B$8*F129/J129)) -> 0.0041631936 | O129: =MIN(Inputs!$B$26,M129*L129) -> 0.0023504537 | P129: =MIN(Inputs!$B$26,O129*Inputs!$B$19) -> 0.023504537 | Q129: =MIN(O129,N129*Inputs!$B$21) -> 0.00020815968 | U129: =IF(COUNT(R129:T129)>0,"Published spec (+calc where blank)","Calculated (this workbook)") -> Calculated (this workbook) | V129: =IF(R129="",MAX(P129,W129),R129) -> 0.023504537 | W129: =IF(S129="",O129,S129) -> 0.0023504537 | X129: =IF(T129="",Q129,T129) -> 0.00020815968 | Y129: =IF(S129="","",IF(O129<S129,"Calc STRICTER (lower)","Calc more lenient (higher)")) | Z129: =IF(B129="XL","Hemizygous male AF (grpmax)","grpmax FAF95; check SAS, IndiGen, GenomeIndia") -> grpmax FAF95; check SAS, IndiGen, GenomeIndia
A130: NPHP3 | B130: AR | C130: SLS | D130: =SUMIF(Indian_Gene_Shares!$B$5:$B$47,A130,Indian_Gene_Shares!$G$5:$G$47) -> 0 | E130: =IFERROR(INDEX(ARIDE_Cohort!$C$6:$C$207,MATCH(A130,ARIDE_Cohort!$A$6:$A$207,0)),0) -> 0 | F130: =MAX(Inputs!$B$24,IF(AND(Inputs!$B$29="ARIDE cohort",ARIDE_Cohort!$B$3>=Inputs!$B$30),E130,D130)) -> 0.01 | G130: =IF(AND(Inputs!$B$29="ARIDE cohort",ARIDE_Cohort!$B$3>=Inputs!$B$30),IF(E130>Inputs!$B$24,"ARIDE cohort","Floor (ARIDE share below floor)"),IF(D130>Inputs!$B$24,"Indian literature",IF(D130>0,"Floor (Indian share below floor)","Floor (no Indian data)"))) -> Floor (no Indian data) | H130: =IF(B130="AR",Inputs!$B$14,IF(B130="AD",Inputs!$B$15,Inputs!$B$16)) -> 1 | J130: =IF(I130="",H130,I130) -> 1 | L130: =IF(K130="",Inputs!$B$20,K130) -> 0.5 | M130: =IF(B130="AR",SQRT(Inputs!$B$9*F130/J130),IF(B130="AD",Inputs!$B$9*F130/(2*J130),2*Inputs!$B$9*F130/J130)) -> 0.0047009074 | N130: =IF(B130="AR",IF(Inputs!$B$25=0,SQRT(Inputs!$B$8*F130/J130),(-Inputs!$B$25+SQRT(Inputs!$B$25^2+4*(1-Inputs!$B$25)*Inputs!$B$8*F130/J130))/(2*(1-Inputs!$B$25))),IF(B130="AD",Inputs!$B$8*F130/(2*J130),2*Inputs!$B$8*F130/J130)) -> 0.0041631936 | O130: =MIN(Inputs!$B$26,M130*L130) -> 0.0023504537 | P130: =MIN(Inputs!$B$26,O130*Inputs!$B$19) -> 0.023504537 | Q130: =MIN(O130,N130*Inputs!$B$21) -> 0.00020815968 | U130: =IF(COUNT(R130:T130)>0,"Published spec (+calc where blank)","Calculated (this workbook)") -> Calculated (this workbook) | V130: =IF(R130="",MAX(P130,W130),R130) -> 0.023504537 | W130: =IF(S130="",O130,S130) -> 0.0023504537 | X130: =IF(T130="",Q130,T130) -> 0.00020815968 | Y130: =IF(S130="","",IF(O130<S130,"Calc STRICTER (lower)","Calc more lenient (higher)")) | Z130: =IF(B130="XL","Hemizygous male AF (grpmax)","grpmax FAF95; check SAS, IndiGen, GenomeIndia") -> grpmax FAF95; check SAS, IndiGen, GenomeIndia
A131: NPHP4 | B131: AR | C131: SLS | D131: =SUMIF(Indian_Gene_Shares!$B$5:$B$47,A131,Indian_Gene_Shares!$G$5:$G$47) -> 0 | E131: =IFERROR(INDEX(ARIDE_Cohort!$C$6:$C$207,MATCH(A131,ARIDE_Cohort!$A$6:$A$207,0)),0) -> 0 | F131: =MAX(Inputs!$B$24,IF(AND(Inputs!$B$29="ARIDE cohort",ARIDE_Cohort!$B$3>=Inputs!$B$30),E131,D131)) -> 0.01 | G131: =IF(AND(Inputs!$B$29="ARIDE cohort",ARIDE_Cohort!$B$3>=Inputs!$B$30),IF(E131>Inputs!$B$24,"ARIDE cohort","Floor (ARIDE share below floor)"),IF(D131>Inputs!$B$24,"Indian literature",IF(D131>0,"Floor (Indian share below floor)","Floor (no Indian data)"))) -> Floor (no Indian data) | H131: =IF(B131="AR",Inputs!$B$14,IF(B131="AD",Inputs!$B$15,Inputs!$B$16)) -> 1 | J131: =IF(I131="",H131,I131) -> 1 | L131: =IF(K131="",Inputs!$B$20,K131) -> 0.5 | M131: =IF(B131="AR",SQRT(Inputs!$B$9*F131/J131),IF(B131="AD",Inputs!$B$9*F131/(2*J131),2*Inputs!$B$9*F131/J131)) -> 0.0047009074 | N131: =IF(B131="AR",IF(Inputs!$B$25=0,SQRT(Inputs!$B$8*F131/J131),(-Inputs!$B$25+SQRT(Inputs!$B$25^2+4*(1-Inputs!$B$25)*Inputs!$B$8*F131/J131))/(2*(1-Inputs!$B$25))),IF(B131="AD",Inputs!$B$8*F131/(2*J131),2*Inputs!$B$8*F131/J131)) -> 0.0041631936 | O131: =MIN(Inputs!$B$26,M131*L131) -> 0.0023504537 | P131: =MIN(Inputs!$B$26,O131*Inputs!$B$19) -> 0.023504537 | Q131: =MIN(O131,N131*Inputs!$B$21) -> 0.00020815968 | U131: =IF(COUNT(R131:T131)>0,"Published spec (+calc where blank)","Calculated (this workbook)") -> Calculated (this workbook) | V131: =IF(R131="",MAX(P131,W131),R131) -> 0.023504537 | W131: =IF(S131="",O131,S131) -> 0.0023504537 | X131: =IF(T131="",Q131,T131) -> 0.00020815968 | Y131: =IF(S131="","",IF(O131<S131,"Calc STRICTER (lower)","Calc more lenient (higher)")) | Z131: =IF(B131="XL","Hemizygous male AF (grpmax)","grpmax FAF95; check SAS, IndiGen, GenomeIndia") -> grpmax FAF95; check SAS, IndiGen, GenomeIndia
A132: NR2E3 | B132: AR | C132: ESCS/RP | D132: =SUMIF(Indian_Gene_Shares!$B$5:$B$47,A132,Indian_Gene_Shares!$G$5:$G$47) -> 0 | E132: =IFERROR(INDEX(ARIDE_Cohort!$C$6:$C$207,MATCH(A132,ARIDE_Cohort!$A$6:$A$207,0)),0) -> 0 | F132: =MAX(Inputs!$B$24,IF(AND(Inputs!$B$29="ARIDE cohort",ARIDE_Cohort!$B$3>=Inputs!$B$30),E132,D132)) -> 0.01 | G132: =IF(AND(Inputs!$B$29="ARIDE cohort",ARIDE_Cohort!$B$3>=Inputs!$B$30),IF(E132>Inputs!$B$24,"ARIDE cohort","Floor (ARIDE share below floor)"),IF(D132>Inputs!$B$24,"Indian literature",IF(D132>0,"Floor (Indian share below floor)","Floor (no Indian data)"))) -> Floor (no Indian data) | H132: =IF(B132="AR",Inputs!$B$14,IF(B132="AD",Inputs!$B$15,Inputs!$B$16)) -> 1 | J132: =IF(I132="",H132,I132) -> 1 | L132: =IF(K132="",Inputs!$B$20,K132) -> 0.5 | M132: =IF(B132="AR",SQRT(Inputs!$B$9*F132/J132),IF(B132="AD",Inputs!$B$9*F132/(2*J132),2*Inputs!$B$9*F132/J132)) -> 0.0047009074 | N132: =IF(B132="AR",IF(Inputs!$B$25=0,SQRT(Inputs!$B$8*F132/J132),(-Inputs!$B$25+SQRT(Inputs!$B$25^2+4*(1-Inputs!$B$25)*Inputs!$B$8*F132/J132))/(2*(1-Inputs!$B$25))),IF(B132="AD",Inputs!$B$8*F132/(2*J132),2*Inputs!$B$8*F132/J132)) -> 0.0041631936 | O132: =MIN(Inputs!$B$26,M132*L132) -> 0.0023504537 | P132: =MIN(Inputs!$B$26,O132*Inputs!$B$19) -> 0.023504537 | Q132: =MIN(O132,N132*Inputs!$B$21) -> 0.00020815968 | U132: =IF(COUNT(R132:T132)>0,"Published spec (+calc where blank)","Calculated (this workbook)") -> Calculated (this workbook) | V132: =IF(R132="",MAX(P132,W132),R132) -> 0.023504537 | W132: =IF(S132="",O132,S132) -> 0.0023504537 | X132: =IF(T132="",Q132,T132) -> 0.00020815968 | Y132: =IF(S132="","",IF(O132<S132,"Calc STRICTER (lower)","Calc more lenient (higher)")) | Z132: =IF(B132="XL","Hemizygous male AF (grpmax)","grpmax FAF95; check SAS, IndiGen, GenomeIndia") -> grpmax FAF95; check SAS, IndiGen, GenomeIndia
A133: NR2E3 | B133: AD | C133: RP | D133: =SUMIF(Indian_Gene_Shares!$B$5:$B$47,A133,Indian_Gene_Shares!$G$5:$G$47) -> 0 | E133: =IFERROR(INDEX(ARIDE_Cohort!$C$6:$C$207,MATCH(A133,ARIDE_Cohort!$A$6:$A$207,0)),0) -> 0 | F133: =MAX(Inputs!$B$24,IF(AND(Inputs!$B$29="ARIDE cohort",ARIDE_Cohort!$B$3>=Inputs!$B$30),E133,D133)) -> 0.01 | G133: =IF(AND(Inputs!$B$29="ARIDE cohort",ARIDE_Cohort!$B$3>=Inputs!$B$30),IF(E133>Inputs!$B$24,"ARIDE cohort","Floor (ARIDE share below floor)"),IF(D133>Inputs!$B$24,"Indian literature",IF(D133>0,"Floor (Indian share below floor)","Floor (no Indian data)"))) -> Floor (no Indian data) | H133: =IF(B133="AR",Inputs!$B$14,IF(B133="AD",Inputs!$B$15,Inputs!$B$16)) -> 0.5 | J133: =IF(I133="",H133,I133) -> 0.5 | L133: =IF(K133="",Inputs!$B$20,K133) -> 0.5 | M133: =IF(B133="AR",SQRT(Inputs!$B$9*F133/J133),IF(B133="AD",Inputs!$B$9*F133/(2*J133),2*Inputs!$B$9*F133/J133)) -> 2.2098531e-05 | N133: =IF(B133="AR",IF(Inputs!$B$25=0,SQRT(Inputs!$B$8*F133/J133),(-Inputs!$B$25+SQRT(Inputs!$B$25^2+4*(1-Inputs!$B$25)*Inputs!$B$8*F133/J133))/(2*(1-Inputs!$B$25))),IF(B133="AD",Inputs!$B$8*F133/(2*J133),2*Inputs!$B$8*F133/J133)) -> 1.7332181e-05 | O133: =MIN(Inputs!$B$26,M133*L133) -> 1.1049265e-05 | P133: =MIN(Inputs!$B$26,O133*Inputs!$B$19) -> 0.00011049265 | Q133: =MIN(O133,N133*Inputs!$B$21) -> 8.6660905e-07 | U133: =IF(COUNT(R133:T133)>0,"Published spec (+calc where blank)","Calculated (this workbook)") -> Calculated (this workbook) | V133: =IF(R133="",MAX(P133,W133),R133) -> 0.00011049265 | W133: =IF(S133="",O133,S133) -> 1.1049265e-05 | X133: =IF(T133="",Q133,T133) -> 8.6660905e-07 | Y133: =IF(S133="","",IF(O133<S133,"Calc STRICTER (lower)","Calc more lenient (higher)")) | Z133: =IF(B133="XL","Hemizygous male AF (grpmax)","grpmax FAF95; check SAS, IndiGen, GenomeIndia") -> grpmax FAF95; check SAS, IndiGen, GenomeIndia
A134: NRL | B134: AD | C134: RP | D134: =SUMIF(Indian_Gene_Shares!$B$5:$B$47,A134,Indian_Gene_Shares!$G$5:$G$47) -> 0 | E134: =IFERROR(INDEX(ARIDE_Cohort!$C$6:$C$207,MATCH(A134,ARIDE_Cohort!$A$6:$A$207,0)),0) -> 0 | F134: =MAX(Inputs!$B$24,IF(AND(Inputs!$B$29="ARIDE cohort",ARIDE_Cohort!$B$3>=Inputs!$B$30),E134,D134)) -> 0.01 | G134: =IF(AND(Inputs!$B$29="ARIDE cohort",ARIDE_Cohort!$B$3>=Inputs!$B$30),IF(E134>Inputs!$B$24,"ARIDE cohort","Floor (ARIDE share below floor)"),IF(D134>Inputs!$B$24,"Indian literature",IF(D134>0,"Floor (Indian share below floor)","Floor (no Indian data)"))) -> Floor (no Indian data) | H134: =IF(B134="AR",Inputs!$B$14,IF(B134="AD",Inputs!$B$15,Inputs!$B$16)) -> 0.5 | J134: =IF(I134="",H134,I134) -> 0.5 | L134: =IF(K134="",Inputs!$B$20,K134) -> 0.5 | M134: =IF(B134="AR",SQRT(Inputs!$B$9*F134/J134),IF(B134="AD",Inputs!$B$9*F134/(2*J134),2*Inputs!$B$9*F134/J134)) -> 2.2098531e-05 | N134: =IF(B134="AR",IF(Inputs!$B$25=0,SQRT(Inputs!$B$8*F134/J134),(-Inputs!$B$25+SQRT(Inputs!$B$25^2+4*(1-Inputs!$B$25)*Inputs!$B$8*F134/J134))/(2*(1-Inputs!$B$25))),IF(B134="AD",Inputs!$B$8*F134/(2*J134),2*Inputs!$B$8*F134/J134)) -> 1.7332181e-05 | O134: =MIN(Inputs!$B$26,M134*L134) -> 1.1049265e-05 | P134: =MIN(Inputs!$B$26,O134*Inputs!$B$19) -> 0.00011049265 | Q134: =MIN(O134,N134*Inputs!$B$21) -> 8.6660905e-07 | U134: =IF(COUNT(R134:T134)>0,"Published spec (+calc where blank)","Calculated (this workbook)") -> Calculated (this workbook) | V134: =IF(R134="",MAX(P134,W134),R134) -> 0.00011049265 | W134: =IF(S134="",O134,S134) -> 1.1049265e-05 | X134: =IF(T134="",Q134,T134) -> 8.6660905e-07 | Y134: =IF(S134="","",IF(O134<S134,"Calc STRICTER (lower)","Calc more lenient (higher)")) | Z134: =IF(B134="XL","Hemizygous male AF (grpmax)","grpmax FAF95; check SAS, IndiGen, GenomeIndia") -> grpmax FAF95; check SAS, IndiGen, GenomeIndia
A135: NRL | B135: AR | C135: RP | D135: =SUMIF(Indian_Gene_Shares!$B$5:$B$47,A135,Indian_Gene_Shares!$G$5:$G$47) -> 0 | E135: =IFERROR(INDEX(ARIDE_Cohort!$C$6:$C$207,MATCH(A135,ARIDE_Cohort!$A$6:$A$207,0)),0) -> 0 | F135: =MAX(Inputs!$B$24,IF(AND(Inputs!$B$29="ARIDE cohort",ARIDE_Cohort!$B$3>=Inputs!$B$30),E135,D135)) -> 0.01 | G135: =IF(AND(Inputs!$B$29="ARIDE cohort",ARIDE_Cohort!$B$3>=Inputs!$B$30),IF(E135>Inputs!$B$24,"ARIDE cohort","Floor (ARIDE share below floor)"),IF(D135>Inputs!$B$24,"Indian literature",IF(D135>0,"Floor (Indian share below floor)","Floor (no Indian data)"))) -> Floor (no Indian data) | H135: =IF(B135="AR",Inputs!$B$14,IF(B135="AD",Inputs!$B$15,Inputs!$B$16)) -> 1 | J135: =IF(I135="",H135,I135) -> 1 | L135: =IF(K135="",Inputs!$B$20,K135) -> 0.5 | M135: =IF(B135="AR",SQRT(Inputs!$B$9*F135/J135),IF(B135="AD",Inputs!$B$9*F135/(2*J135),2*Inputs!$B$9*F135/J135)) -> 0.0047009074 | N135: =IF(B135="AR",IF(Inputs!$B$25=0,SQRT(Inputs!$B$8*F135/J135),(-Inputs!$B$25+SQRT(Inputs!$B$25^2+4*(1-Inputs!$B$25)*Inputs!$B$8*F135/J135))/(2*(1-Inputs!$B$25))),IF(B135="AD",Inputs!$B$8*F135/(2*J135),2*Inputs!$B$8*F135/J135)) -> 0.0041631936 | O135: =MIN(Inputs!$B$26,M135*L135) -> 0.0023504537 | P135: =MIN(Inputs!$B$26,O135*Inputs!$B$19) -> 0.023504537 | Q135: =MIN(O135,N135*Inputs!$B$21) -> 0.00020815968 | U135: =IF(COUNT(R135:T135)>0,"Published spec (+calc where blank)","Calculated (this workbook)") -> Calculated (this workbook) | V135: =IF(R135="",MAX(P135,W135),R135) -> 0.023504537 | W135: =IF(S135="",O135,S135) -> 0.0023504537 | X135: =IF(T135="",Q135,T135) -> 0.00020815968 | Y135: =IF(S135="","",IF(O135<S135,"Calc STRICTER (lower)","Calc more lenient (higher)")) | Z135: =IF(B135="XL","Hemizygous male AF (grpmax)","grpmax FAF95; check SAS, IndiGen, GenomeIndia") -> grpmax FAF95; check SAS, IndiGen, GenomeIndia
A136: NYX | B136: XL | C136: CSNB1 | D136: =SUMIF(Indian_Gene_Shares!$B$5:$B$47,A136,Indian_Gene_Shares!$G$5:$G$47) -> 0 | E136: =IFERROR(INDEX(ARIDE_Cohort!$C$6:$C$207,MATCH(A136,ARIDE_Cohort!$A$6:$A$207,0)),0) -> 0 | F136: =MAX(Inputs!$B$24,IF(AND(Inputs!$B$29="ARIDE cohort",ARIDE_Cohort!$B$3>=Inputs!$B$30),E136,D136)) -> 0.01 | G136: =IF(AND(Inputs!$B$29="ARIDE cohort",ARIDE_Cohort!$B$3>=Inputs!$B$30),IF(E136>Inputs!$B$24,"ARIDE cohort","Floor (ARIDE share below floor)"),IF(D136>Inputs!$B$24,"Indian literature",IF(D136>0,"Floor (Indian share below floor)","Floor (no Indian data)"))) -> Floor (no Indian data) | H136: =IF(B136="AR",Inputs!$B$14,IF(B136="AD",Inputs!$B$15,Inputs!$B$16)) -> 1 | J136: =IF(I136="",H136,I136) -> 1 | L136: =IF(K136="",Inputs!$B$20,K136) -> 0.5 | M136: =IF(B136="AR",SQRT(Inputs!$B$9*F136/J136),IF(B136="AD",Inputs!$B$9*F136/(2*J136),2*Inputs!$B$9*F136/J136)) -> 4.4197061e-05 | N136: =IF(B136="AR",IF(Inputs!$B$25=0,SQRT(Inputs!$B$8*F136/J136),(-Inputs!$B$25+SQRT(Inputs!$B$25^2+4*(1-Inputs!$B$25)*Inputs!$B$8*F136/J136))/(2*(1-Inputs!$B$25))),IF(B136="AD",Inputs!$B$8*F136/(2*J136),2*Inputs!$B$8*F136/J136)) -> 3.4664362e-05 | O136: =MIN(Inputs!$B$26,M136*L136) -> 2.2098531e-05 | P136: =MIN(Inputs!$B$26,O136*Inputs!$B$19) -> 0.00022098531 | Q136: =MIN(O136,N136*Inputs!$B$21) -> 1.7332181e-06 | U136: =IF(COUNT(R136:T136)>0,"Published spec (+calc where blank)","Calculated (this workbook)") -> Calculated (this workbook) | V136: =IF(R136="",MAX(P136,W136),R136) -> 0.00022098531 | W136: =IF(S136="",O136,S136) -> 2.2098531e-05 | X136: =IF(T136="",Q136,T136) -> 1.7332181e-06 | Y136: =IF(S136="","",IF(O136<S136,"Calc STRICTER (lower)","Calc more lenient (higher)")) | Z136: =IF(B136="XL","Hemizygous male AF (grpmax)","grpmax FAF95; check SAS, IndiGen, GenomeIndia") -> Hemizygous male AF (grpmax)
A137: OAT | B137: AR | C137: Gyrate atrophy | D137: =SUMIF(Indian_Gene_Shares!$B$5:$B$47,A137,Indian_Gene_Shares!$G$5:$G$47) -> 0 | E137: =IFERROR(INDEX(ARIDE_Cohort!$C$6:$C$207,MATCH(A137,ARIDE_Cohort!$A$6:$A$207,0)),0) -> 0 | F137: =MAX(Inputs!$B$24,IF(AND(Inputs!$B$29="ARIDE cohort",ARIDE_Cohort!$B$3>=Inputs!$B$30),E137,D137)) -> 0.01 | G137: =IF(AND(Inputs!$B$29="ARIDE cohort",ARIDE_Cohort!$B$3>=Inputs!$B$30),IF(E137>Inputs!$B$24,"ARIDE cohort","Floor (ARIDE share below floor)"),IF(D137>Inputs!$B$24,"Indian literature",IF(D137>0,"Floor (Indian share below floor)","Floor (no Indian data)"))) -> Floor (no Indian data) | H137: =IF(B137="AR",Inputs!$B$14,IF(B137="AD",Inputs!$B$15,Inputs!$B$16)) -> 1 | J137: =IF(I137="",H137,I137) -> 1 | L137: =IF(K137="",Inputs!$B$20,K137) -> 0.5 | M137: =IF(B137="AR",SQRT(Inputs!$B$9*F137/J137),IF(B137="AD",Inputs!$B$9*F137/(2*J137),2*Inputs!$B$9*F137/J137)) -> 0.0047009074 | N137: =IF(B137="AR",IF(Inputs!$B$25=0,SQRT(Inputs!$B$8*F137/J137),(-Inputs!$B$25+SQRT(Inputs!$B$25^2+4*(1-Inputs!$B$25)*Inputs!$B$8*F137/J137))/(2*(1-Inputs!$B$25))),IF(B137="AD",Inputs!$B$8*F137/(2*J137),2*Inputs!$B$8*F137/J137)) -> 0.0041631936 | O137: =MIN(Inputs!$B$26,M137*L137) -> 0.0023504537 | P137: =MIN(Inputs!$B$26,O137*Inputs!$B$19) -> 0.023504537 | Q137: =MIN(O137,N137*Inputs!$B$21) -> 0.00020815968 | U137: =IF(COUNT(R137:T137)>0,"Published spec (+calc where blank)","Calculated (this workbook)") -> Calculated (this workbook) | V137: =IF(R137="",MAX(P137,W137),R137) -> 0.023504537 | W137: =IF(S137="",O137,S137) -> 0.0023504537 | X137: =IF(T137="",Q137,T137) -> 0.00020815968 | Y137: =IF(S137="","",IF(O137<S137,"Calc STRICTER (lower)","Calc more lenient (higher)")) | Z137: =IF(B137="XL","Hemizygous male AF (grpmax)","grpmax FAF95; check SAS, IndiGen, GenomeIndia") -> grpmax FAF95; check SAS, IndiGen, GenomeIndia
... A162: PRPF3 | B162: AD | C162: RP | D162: =SUMIF(Indian_Gene_Shares!$B$5:$B$47,A162,Indian_Gene_Shares!$G$5:$G$47) -> 0 | E162: =IFERROR(INDEX(ARIDE_Cohort!$C$6:$C$207,MATCH(A162,ARIDE_Cohort!$A$6:$A$207,0)),0) -> 0 | F162: =MAX(Inputs!$B$24,IF(AND(Inputs!$B$29="ARIDE cohort",ARIDE_Cohort!$B$3>=Inputs!$B$30),E162,D162)) -> 0.01 | G162: =IF(AND(Inputs!$B$29="ARIDE cohort",ARIDE_Cohort!$B$3>=Inputs!$B$30),IF(E162>Inputs!$B$24,"ARIDE cohort","Floor (ARIDE share below floor)"),IF(D162>Inputs!$B$24,"Indian literature",IF(D162>0,"Floor (Indian share below floor)","Floor (no Indian data)"))) -> Floor (no Indian data) | H162: =IF(B162="AR",Inputs!$B$14,IF(B162="AD",Inputs!$B$15,Inputs!$B$16)) -> 0.5 | J162: =IF(I162="",H162,I162) -> 0.5 | L162: =IF(K162="",Inputs!$B$20,K162) -> 0.5 | M162: =IF(B162="AR",SQRT(Inputs!$B$9*F162/J162),IF(B162="AD",Inputs!$B$9*F162/(2*J162),2*Inputs!$B$9*F162/J162)) -> 2.2098531e-05 | N162: =IF(B162="AR",IF(Inputs!$B$25=0,SQRT(Inputs!$B$8*F162/J162),(-Inputs!$B$25+SQRT(Inputs!$B$25^2+4*(1-Inputs!$B$25)*Inputs!$B$8*F162/J162))/(2*(1-Inputs!$B$25))),IF(B162="AD",Inputs!$B$8*F162/(2*J162),2*Inputs!$B$8*F162/J162)) -> 1.7332181e-05 | O162: =MIN(Inputs!$B$26,M162*L162) -> 1.1049265e-05 | P162: =MIN(Inputs!$B$26,O162*Inputs!$B$19) -> 0.00011049265 | Q162: =MIN(O162,N162*Inputs!$B$21) -> 8.6660905e-07 | U162: =IF(COUNT(R162:T162)>0,"Published spec (+calc where blank)","Calculated (this workbook)") -> Calculated (this workbook) | V162: =IF(R162="",MAX(P162,W162),R162) -> 0.00011049265 | W162: =IF(S162="",O162,S162) -> 1.1049265e-05 | X162: =IF(T162="",Q162,T162) -> 8.6660905e-07 | Y162: =IF(S162="","",IF(O162<S162,"Calc STRICTER (lower)","Calc more lenient (higher)")) | Z162: =IF(B162="XL","Hemizygous male AF (grpmax)","grpmax FAF95; check SAS, IndiGen, GenomeIndia") -> grpmax FAF95; check SAS, IndiGen, GenomeIndia
A163: PRPF31 | B163: AD | C163: RP | D163: =SUMIF(Indian_Gene_Shares!$B$5:$B$47,A163,Indian_Gene_Shares!$G$5:$G$47) -> 0.026924867 | E163: =IFERROR(INDEX(ARIDE_Cohort!$C$6:$C$207,MATCH(A163,ARIDE_Cohort!$A$6:$A$207,0)),0) -> 0 | F163: =MAX(Inputs!$B$24,IF(AND(Inputs!$B$29="ARIDE cohort",ARIDE_Cohort!$B$3>=Inputs!$B$30),E163,D163)) -> 0.026924867 | G163: =IF(AND(Inputs!$B$29="ARIDE cohort",ARIDE_Cohort!$B$3>=Inputs!$B$30),IF(E163>Inputs!$B$24,"ARIDE cohort","Floor (ARIDE share below floor)"),IF(D163>Inputs!$B$24,"Indian literature",IF(D163>0,"Floor (Indian share below floor)","Floor (no Indian data)"))) -> Indian literature | H163: =IF(B163="AR",Inputs!$B$14,IF(B163="AD",Inputs!$B$15,Inputs!$B$16)) -> 0.5 | J163: =IF(I163="",H163,I163) -> 0.5 | L163: =IF(K163="",Inputs!$B$20,K163) -> 0.5 | M163: =IF(B163="AR",SQRT(Inputs!$B$9*F163/J163),IF(B163="AD",Inputs!$B$9*F163/(2*J163),2*Inputs!$B$9*F163/J163)) -> 5.95e-05 | N163: =IF(B163="AR",IF(Inputs!$B$25=0,SQRT(Inputs!$B$8*F163/J163),(-Inputs!$B$25+SQRT(Inputs!$B$25^2+4*(1-Inputs!$B$25)*Inputs!$B$8*F163/J163))/(2*(1-Inputs!$B$25))),IF(B163="AD",Inputs!$B$8*F163/(2*J163),2*Inputs!$B$8*F163/J163)) -> 4.6666667e-05 | O163: =MIN(Inputs!$B$26,M163*L163) -> 2.975e-05 | P163: =MIN(Inputs!$B$26,O163*Inputs!$B$19) -> 0.0002975 | Q163: =MIN(O163,N163*Inputs!$B$21) -> 2.3333333e-06 | U163: =IF(COUNT(R163:T163)>0,"Published spec (+calc where blank)","Calculated (this workbook)") -> Calculated (this workbook) | V163: =IF(R163="",MAX(P163,W163),R163) -> 0.0002975 | W163: =IF(S163="",O163,S163) -> 2.975e-05 | X163: =IF(T163="",Q163,T163) -> 2.3333333e-06 | Y163: =IF(S163="","",IF(O163<S163,"Calc STRICTER (lower)","Calc more lenient (higher)")) | Z163: =IF(B163="XL","Hemizygous male AF (grpmax)","grpmax FAF95; check SAS, IndiGen, GenomeIndia") -> grpmax FAF95; check SAS, IndiGen, GenomeIndia | AB163: Incomplete penetrance is well documented; consider a penetrance override (column I) if a known P/LP allele exceeds BS1.
A164: PRPF4 | B164: AD | C164: RP | D164: =SUMIF(Indian_Gene_Shares!$B$5:$B$47,A164,Indian_Gene_Shares!$G$5:$G$47) -> 0 | E164: =IFERROR(INDEX(ARIDE_Cohort!$C$6:$C$207,MATCH(A164,ARIDE_Cohort!$A$6:$A$207,0)),0) -> 0 | F164: =MAX(Inputs!$B$24,IF(AND(Inputs!$B$29="ARIDE cohort",ARIDE_Cohort!$B$3>=Inputs!$B$30),E164,D164)) -> 0.01 | G164: =IF(AND(Inputs!$B$29="ARIDE cohort",ARIDE_Cohort!$B$3>=Inputs!$B$30),IF(E164>Inputs!$B$24,"ARIDE cohort","Floor (ARIDE share below floor)"),IF(D164>Inputs!$B$24,"Indian literature",IF(D164>0,"Floor (Indian share below floor)","Floor (no Indian data)"))) -> Floor (no Indian data) | H164: =IF(B164="AR",Inputs!$B$14,IF(B164="AD",Inputs!$B$15,Inputs!$B$16)) -> 0.5 | J164: =IF(I164="",H164,I164) -> 0.5 | L164: =IF(K164="",Inputs!$B$20,K164) -> 0.5 | M164: =IF(B164="AR",SQRT(Inputs!$B$9*F164/J164),IF(B164="AD",Inputs!$B$9*F164/(2*J164),2*Inputs!$B$9*F164/J164)) -> 2.2098531e-05 | N164: =IF(B164="AR",IF(Inputs!$B$25=0,SQRT(Inputs!$B$8*F164/J164),(-Inputs!$B$25+SQRT(Inputs!$B$25^2+4*(1-Inputs!$B$25)*Inputs!$B$8*F164/J164))/(2*(1-Inputs!$B$25))),IF(B164="AD",Inputs!$B$8*F164/(2*J164),2*Inputs!$B$8*F164/J164)) -> 1.7332181e-05 | O164: =MIN(Inputs!$B$26,M164*L164) -> 1.1049265e-05 | P164: =MIN(Inputs!$B$26,O164*Inputs!$B$19) -> 0.00011049265 | Q164: =MIN(O164,N164*Inputs!$B$21) -> 8.6660905e-07 | U164: =IF(COUNT(R164:T164)>0,"Published spec (+calc where blank)","Calculated (this workbook)") -> Calculated (this workbook) | V164: =IF(R164="",MAX(P164,W164),R164) -> 0.00011049265 | W164: =IF(S164="",O164,S164) -> 1.1049265e-05 | X164: =IF(T164="",Q164,T164) -> 8.6660905e-07 | Y164: =IF(S164="","",IF(O164<S164,"Calc STRICTER (lower)","Calc more lenient (higher)")) | Z164: =IF(B164="XL","Hemizygous male AF (grpmax)","grpmax FAF95; check SAS, IndiGen, GenomeIndia") -> grpmax FAF95; check SAS, IndiGen, GenomeIndia
A165: PRPF6 | B165: AD | C165: RP | D165: =SUMIF(Indian_Gene_Shares!$B$5:$B$47,A165,Indian_Gene_Shares!$G$5:$G$47) -> 0 | E165: =IFERROR(INDEX(ARIDE_Cohort!$C$6:$C$207,MATCH(A165,ARIDE_Cohort!$A$6:$A$207,0)),0) -> 0 | F165: =MAX(Inputs!$B$24,IF(AND(Inputs!$B$29="ARIDE cohort",ARIDE_Cohort!$B$3>=Inputs!$B$30),E165,D165)) -> 0.01 | G165: =IF(AND(Inputs!$B$29="ARIDE cohort",ARIDE_Cohort!$B$3>=Inputs!$B$30),IF(E165>Inputs!$B$24,"ARIDE cohort","Floor (ARIDE share below floor)"),IF(D165>Inputs!$B$24,"Indian literature",IF(D165>0,"Floor (Indian share below floor)","Floor (no Indian data)"))) -> Floor (no Indian data) | H165: =IF(B165="AR",Inputs!$B$14,IF(B165="AD",Inputs!$B$15,Inputs!$B$16)) -> 0.5 | J165: =IF(I165="",H165,I165) -> 0.5 | L165: =IF(K165="",Inputs!$B$20,K165) -> 0.5 | M165: =IF(B165="AR",SQRT(Inputs!$B$9*F165/J165),IF(B165="AD",Inputs!$B$9*F165/(2*J165),2*Inputs!$B$9*F165/J165)) -> 2.2098531e-05 | N165: =IF(B165="AR",IF(Inputs!$B$25=0,SQRT(Inputs!$B$8*F165/J165),(-Inputs!$B$25+SQRT(Inputs!$B$25^2+4*(1-Inputs!$B$25)*Inputs!$B$8*F165/J165))/(2*(1-Inputs!$B$25))),IF(B165="AD",Inputs!$B$8*F165/(2*J165),2*Inputs!$B$8*F165/J165)) -> 1.7332181e-05 | O165: =MIN(Inputs!$B$26,M165*L165) -> 1.1049265e-05 | P165: =MIN(Inputs!$B$26,O165*Inputs!$B$19) -> 0.00011049265 | Q165: =MIN(O165,N165*Inputs!$B$21) -> 8.6660905e-07 | U165: =IF(COUNT(R165:T165)>0,"Published spec (+calc where blank)","Calculated (this workbook)") -> Calculated (this workbook) | V165: =IF(R165="",MAX(P165,W165),R165) -> 0.00011049265 | W165: =IF(S165="",O165,S165) -> 1.1049265e-05 | X165: =IF(T165="",Q165,T165) -> 8.6660905e-07 | Y165: =IF(S165="","",IF(O165<S165,"Calc STRICTER (lower)","Calc more lenient (higher)")) | Z165: =IF(B165="XL","Hemizygous male AF (grpmax)","grpmax FAF95; check SAS, IndiGen, GenomeIndia") -> grpmax FAF95; check SAS, IndiGen, GenomeIndia
A166: PRPF8 | B166: AD | C166: RP | D166: =SUMIF(Indian_Gene_Shares!$B$5:$B$47,A166,Indian_Gene_Shares!$G$5:$G$47) -> 0 | E166: =IFERROR(INDEX(ARIDE_Cohort!$C$6:$C$207,MATCH(A166,ARIDE_Cohort!$A$6:$A$207,0)),0) -> 0 | F166: =MAX(Inputs!$B$24,IF(AND(Inputs!$B$29="ARIDE cohort",ARIDE_Cohort!$B$3>=Inputs!$B$30),E166,D166)) -> 0.01 | G166: =IF(AND(Inputs!$B$29="ARIDE cohort",ARIDE_Cohort!$B$3>=Inputs!$B$30),IF(E166>Inputs!$B$24,"ARIDE cohort","Floor (ARIDE share below floor)"),IF(D166>Inputs!$B$24,"Indian literature",IF(D166>0,"Floor (Indian share below floor)","Floor (no Indian data)"))) -> Floor (no Indian data) | H166: =IF(B166="AR",Inputs!$B$14,IF(B166="AD",Inputs!$B$15,Inputs!$B$16)) -> 0.5 | J166: =IF(I166="",H166,I166) -> 0.5 | L166: =IF(K166="",Inputs!$B$20,K166) -> 0.5 | M166: =IF(B166="AR",SQRT(Inputs!$B$9*F166/J166),IF(B166="AD",Inputs!$B$9*F166/(2*J166),2*Inputs!$B$9*F166/J166)) -> 2.2098531e-05 | N166: =IF(B166="AR",IF(Inputs!$B$25=0,SQRT(Inputs!$B$8*F166/J166),(-Inputs!$B$25+SQRT(Inputs!$B$25^2+4*(1-Inputs!$B$25)*Inputs!$B$8*F166/J166))/(2*(1-Inputs!$B$25))),IF(B166="AD",Inputs!$B$8*F166/(2*J166),2*Inputs!$B$8*F166/J166)) -> 1.7332181e-05 | O166: =MIN(Inputs!$B$26,M166*L166) -> 1.1049265e-05 | P166: =MIN(Inputs!$B$26,O166*Inputs!$B$19) -> 0.00011049265 | Q166: =MIN(O166,N166*Inputs!$B$21) -> 8.6660905e-07 | U166: =IF(COUNT(R166:T166)>0,"Published spec (+calc where blank)","Calculated (this workbook)") -> Calculated (this workbook) | V166: =IF(R166="",MAX(P166,W166),R166) -> 0.00011049265 | W166: =IF(S166="",O166,S166) -> 1.1049265e-05 | X166: =IF(T166="",Q166,T166) -> 8.6660905e-07 | Y166: =IF(S166="","",IF(O166<S166,"Calc STRICTER (lower)","Calc more lenient (higher)")) | Z166: =IF(B166="XL","Hemizygous male AF (grpmax)","grpmax FAF95; check SAS, IndiGen, GenomeIndia") -> grpmax FAF95; check SAS, IndiGen, GenomeIndia
A167: PRPH2 | B167: AD | C167: RP/MD | D167: =SUMIF(Indian_Gene_Shares!$B$5:$B$47,A167,Indian_Gene_Shares!$G$5:$G$47) -> 0 | E167: =IFERROR(INDEX(ARIDE_Cohort!$C$6:$C$207,MATCH(A167,ARIDE_Cohort!$A$6:$A$207,0)),0) -> 0 | F167: =MAX(Inputs!$B$24,IF(AND(Inputs!$B$29="ARIDE cohort",ARIDE_Cohort!$B$3>=Inputs!$B$30),E167,D167)) -> 0.01 | G167: =IF(AND(Inputs!$B$29="ARIDE cohort",ARIDE_Cohort!$B$3>=Inputs!$B$30),IF(E167>Inputs!$B$24,"ARIDE cohort","Floor (ARIDE share below floor)"),IF(D167>Inputs!$B$24,"Indian literature",IF(D167>0,"Floor (Indian share below floor)","Floor (no Indian data)"))) -> Floor (no Indian data) | H167: =IF(B167="AR",Inputs!$B$14,IF(B167="AD",Inputs!$B$15,Inputs!$B$16)) -> 0.5 | J167: =IF(I167="",H167,I167) -> 0.5 | L167: =IF(K167="",Inputs!$B$20,K167) -> 0.5 | M167: =IF(B167="AR",SQRT(Inputs!$B$9*F167/J167),IF(B167="AD",Inputs!$B$9*F167/(2*J167),2*Inputs!$B$9*F167/J167)) -> 2.2098531e-05 | N167: =IF(B167="AR",IF(Inputs!$B$25=0,SQRT(Inputs!$B$8*F167/J167),(-Inputs!$B$25+SQRT(Inputs!$B$25^2+4*(1-Inputs!$B$25)*Inputs!$B$8*F167/J167))/(2*(1-Inputs!$B$25))),IF(B167="AD",Inputs!$B$8*F167/(2*J167),2*Inputs!$B$8*F167/J167)) -> 1.7332181e-05 | O167: =MIN(Inputs!$B$26,M167*L167) -> 1.1049265e-05 | P167: =MIN(Inputs!$B$26,O167*Inputs!$B$19) -> 0.00011049265 | Q167: =MIN(O167,N167*Inputs!$B$21) -> 8.6660905e-07 | U167: =IF(COUNT(R167:T167)>0,"Published spec (+calc where blank)","Calculated (this workbook)") -> Calculated (this workbook) | V167: =IF(R167="",MAX(P167,W167),R167) -> 0.00011049265 | W167: =IF(S167="",O167,S167) -> 1.1049265e-05 | X167: =IF(T167="",Q167,T167) -> 8.6660905e-07 | Y167: =IF(S167="","",IF(O167<S167,"Calc STRICTER (lower)","Calc more lenient (higher)")) | Z167: =IF(B167="XL","Hemizygous male AF (grpmax)","grpmax FAF95; check SAS, IndiGen, GenomeIndia") -> grpmax FAF95; check SAS, IndiGen, GenomeIndia
A168: PRPH2 | B168: AR | C168: LCA/RP | D168: =SUMIF(Indian_Gene_Shares!$B$5:$B$47,A168,Indian_Gene_Shares!$G$5:$G$47) -> 0 | E168: =IFERROR(INDEX(ARIDE_Cohort!$C$6:$C$207,MATCH(A168,ARIDE_Cohort!$A$6:$A$207,0)),0) -> 0 | F168: =MAX(Inputs!$B$24,IF(AND(Inputs!$B$29="ARIDE cohort",ARIDE_Cohort!$B$3>=Inputs!$B$30),E168,D168)) -> 0.01 | G168: =IF(AND(Inputs!$B$29="ARIDE cohort",ARIDE_Cohort!$B$3>=Inputs!$B$30),IF(E168>Inputs!$B$24,"ARIDE cohort","Floor (ARIDE share below floor)"),IF(D168>Inputs!$B$24,"Indian literature",IF(D168>0,"Floor (Indian share below floor)","Floor (no Indian data)"))) -> Floor (no Indian data) | H168: =IF(B168="AR",Inputs!$B$14,IF(B168="AD",Inputs!$B$15,Inputs!$B$16)) -> 1 | J168: =IF(I168="",H168,I168) -> 1 | L168: =IF(K168="",Inputs!$B$20,K168) -> 0.5 | M168: =IF(B168="AR",SQRT(Inputs!$B$9*F168/J168),IF(B168="AD",Inputs!$B$9*F168/(2*J168),2*Inputs!$B$9*F168/J168)) -> 0.0047009074 | N168: =IF(B168="AR",IF(Inputs!$B$25=0,SQRT(Inputs!$B$8*F168/J168),(-Inputs!$B$25+SQRT(Inputs!$B$25^2+4*(1-Inputs!$B$25)*Inputs!$B$8*F168/J168))/(2*(1-Inputs!$B$25))),IF(B168="AD",Inputs!$B$8*F168/(2*J168),2*Inputs!$B$8*F168/J168)) -> 0.0041631936 | O168: =MIN(Inputs!$B$26,M168*L168) -> 0.0023504537 | P168: =MIN(Inputs!$B$26,O168*Inputs!$B$19) -> 0.023504537 | Q168: =MIN(O168,N168*Inputs!$B$21) -> 0.00020815968 | U168: =IF(COUNT(R168:T168)>0,"Published spec (+calc where blank)","Calculated (this workbook)") -> Calculated (this workbook) | V168: =IF(R168="",MAX(P168,W168),R168) -> 0.023504537 | W168: =IF(S168="",O168,S168) -> 0.0023504537 | X168: =IF(T168="",Q168,T168) -> 0.00020815968 | Y168: =IF(S168="","",IF(O168<S168,"Calc STRICTER (lower)","Calc more lenient (higher)")) | Z168: =IF(B168="XL","Hemizygous male AF (grpmax)","grpmax FAF95; check SAS, IndiGen, GenomeIndia") -> grpmax FAF95; check SAS, IndiGen, GenomeIndia
A169: RAB28 | B169: AR | C169: CRD | D169: =SUMIF(Indian_Gene_Shares!$B$5:$B$47,A169,Indian_Gene_Shares!$G$5:$G$47) -> 0 | E169: =IFERROR(INDEX(ARIDE_Cohort!$C$6:$C$207,MATCH(A169,ARIDE_Cohort!$A$6:$A$207,0)),0) -> 0 | F169: =MAX(Inputs!$B$24,IF(AND(Inputs!$B$29="ARIDE cohort",ARIDE_Cohort!$B$3>=Inputs!$B$30),E169,D169)) -> 0.01 | G169: =IF(AND(Inputs!$B$29="ARIDE cohort",ARIDE_Cohort!$B$3>=Inputs!$B$30),IF(E169>Inputs!$B$24,"ARIDE cohort","Floor (ARIDE share below floor)"),IF(D169>Inputs!$B$24,"Indian literature",IF(D169>0,"Floor (Indian share below floor)","Floor (no Indian data)"))) -> Floor (no Indian data) | H169: =IF(B169="AR",Inputs!$B$14,IF(B169="AD",Inputs!$B$15,Inputs!$B$16)) -> 1 | J169: =IF(I169="",H169,I169) -> 1 | L169: =IF(K169="",Inputs!$B$20,K169) -> 0.5 | M169: =IF(B169="AR",SQRT(Inputs!$B$9*F169/J169),IF(B169="AD",Inputs!$B$9*F169/(2*J169),2*Inputs!$B$9*F169/J169)) -> 0.0047009074 | N169: =IF(B169="AR",IF(Inputs!$B$25=0,SQRT(Inputs!$B$8*F169/J169),(-Inputs!$B$25+SQRT(Inputs!$B$25^2+4*(1-Inputs!$B$25)*Inputs!$B$8*F169/J169))/(2*(1-Inputs!$B$25))),IF(B169="AD",Inputs!$B$8*F169/(2*J169),2*Inputs!$B$8*F169/J169)) -> 0.0041631936 | O169: =MIN(Inputs!$B$26,M169*L169) -> 0.0023504537 | P169: =MIN(Inputs!$B$26,O169*Inputs!$B$19) -> 0.023504537 | Q169: =MIN(O169,N169*Inputs!$B$21) -> 0.00020815968 | U169: =IF(COUNT(R169:T169)>0,"Published spec (+calc where blank)","Calculated (this workbook)") -> Calculated (this workbook) | V169: =IF(R169="",MAX(P169,W169),R169) -> 0.023504537 | W169: =IF(S169="",O169,S169) -> 0.0023504537 | X169: =IF(T169="",Q169,T169) -> 0.00020815968 | Y169: =IF(S169="","",IF(O169<S169,"Calc STRICTER (lower)","Calc more lenient (higher)")) | Z169: =IF(B169="XL","Hemizygous male AF (grpmax)","grpmax FAF95; check SAS, IndiGen, GenomeIndia") -> grpmax FAF95; check SAS, IndiGen, GenomeIndia
A170: RAX2 | B170: AD | C170: CRD | D170: =SUMIF(Indian_Gene_Shares!$B$5:$B$47,A170,Indian_Gene_Shares!$G$5:$G$47) -> 0 | E170: =IFERROR(INDEX(ARIDE_Cohort!$C$6:$C$207,MATCH(A170,ARIDE_Cohort!$A$6:$A$207,0)),0) -> 0 | F170: =MAX(Inputs!$B$24,IF(AND(Inputs!$B$29="ARIDE cohort",ARIDE_Cohort!$B$3>=Inputs!$B$30),E170,D170)) -> 0.01 | G170: =IF(AND(Inputs!$B$29="ARIDE cohort",ARIDE_Cohort!$B$3>=Inputs!$B$30),IF(E170>Inputs!$B$24,"ARIDE cohort","Floor (ARIDE share below floor)"),IF(D170>Inputs!$B$24,"Indian literature",IF(D170>0,"Floor (Indian share below floor)","Floor (no Indian data)"))) -> Floor (no Indian data) | H170: =IF(B170="AR",Inputs!$B$14,IF(B170="AD",Inputs!$B$15,Inputs!$B$16)) -> 0.5 | J170: =IF(I170="",H170,I170) -> 0.5 | L170: =IF(K170="",Inputs!$B$20,K170) -> 0.5 | M170: =IF(B170="AR",SQRT(Inputs!$B$9*F170/J170),IF(B170="AD",Inputs!$B$9*F170/(2*J170),2*Inputs!$B$9*F170/J170)) -> 2.2098531e-05 | N170: =IF(B170="AR",IF(Inputs!$B$25=0,SQRT(Inputs!$B$8*F170/J170),(-Inputs!$B$25+SQRT(Inputs!$B$25^2+4*(1-Inputs!$B$25)*Inputs!$B$8*F170/J170))/(2*(1-Inputs!$B$25))),IF(B170="AD",Inputs!$B$8*F170/(2*J170),2*Inputs!$B$8*F170/J170)) -> 1.7332181e-05 | O170: =MIN(Inputs!$B$26,M170*L170) -> 1.1049265e-05 | P170: =MIN(Inputs!$B$26,O170*Inputs!$B$19) -> 0.00011049265 | Q170: =MIN(O170,N170*Inputs!$B$21) -> 8.6660905e-07 | U170: =IF(COUNT(R170:T170)>0,"Published spec (+calc where blank)","Calculated (this workbook)") -> Calculated (this workbook) | V170: =IF(R170="",MAX(P170,W170),R170) -> 0.00011049265 | W170: =IF(S170="",O170,S170) -> 1.1049265e-05 | X170: =IF(T170="",Q170,T170) -> 8.6660905e-07 | Y170: =IF(S170="","",IF(O170<S170,"Calc STRICTER (lower)","Calc more lenient (higher)")) | Z170: =IF(B170="XL","Hemizygous male AF (grpmax)","grpmax FAF95; check SAS, IndiGen, GenomeIndia") -> grpmax FAF95; check SAS, IndiGen, GenomeIndia
A171: RAX2 | B171: AR | C171: CRD | D171: =SUMIF(Indian_Gene_Shares!$B$5:$B$47,A171,Indian_Gene_Shares!$G$5:$G$47) -> 0 | E171: =IFERROR(INDEX(ARIDE_Cohort!$C$6:$C$207,MATCH(A171,ARIDE_Cohort!$A$6:$A$207,0)),0) -> 0 | F171: =MAX(Inputs!$B$24,IF(AND(Inputs!$B$29="ARIDE cohort",ARIDE_Cohort!$B$3>=Inputs!$B$30),E171,D171)) -> 0.01 | G171: =IF(AND(Inputs!$B$29="ARIDE cohort",ARIDE_Cohort!$B$3>=Inputs!$B$30),IF(E171>Inputs!$B$24,"ARIDE cohort","Floor (ARIDE share below floor)"),IF(D171>Inputs!$B$24,"Indian literature",IF(D171>0,"Floor (Indian share below floor)","Floor (no Indian data)"))) -> Floor (no Indian data) | H171: =IF(B171="AR",Inputs!$B$14,IF(B171="AD",Inputs!$B$15,Inputs!$B$16)) -> 1 | J171: =IF(I171="",H171,I171) -> 1 | L171: =IF(K171="",Inputs!$B$20,K171) -> 0.5 | M171: =IF(B171="AR",SQRT(Inputs!$B$9*F171/J171),IF(B171="AD",Inputs!$B$9*F171/(2*J171),2*Inputs!$B$9*F171/J171)) -> 0.0047009074 | N171: =IF(B171="AR",IF(Inputs!$B$25=0,SQRT(Inputs!$B$8*F171/J171),(-Inputs!$B$25+SQRT(Inputs!$B$25^2+4*(1-Inputs!$B$25)*Inputs!$B$8*F171/J171))/(2*(1-Inputs!$B$25))),IF(B171="AD",Inputs!$B$8*F171/(2*J171),2*Inputs!$B$8*F171/J171)) -> 0.0041631936 | O171: =MIN(Inputs!$B$26,M171*L171) -> 0.0023504537 | P171: =MIN(Inputs!$B$26,O171*Inputs!$B$19) -> 0.023504537 | Q171: =MIN(O171,N171*Inputs!$B$21) -> 0.00020815968 | U171: =IF(COUNT(R171:T171)>0,"Published spec (+calc where blank)","Calculated (this workbook)") -> Calculated (this workbook) | V171: =IF(R171="",MAX(P171,W171),R171) -> 0.023504537 | W171: =IF(S171="",O171,S171) -> 0.0023504537 | X171: =IF(T171="",Q171,T171) -> 0.00020815968 | Y171: =IF(S171="","",IF(O171<S171,"Calc STRICTER (lower)","Calc more lenient (higher)")) | Z171: =IF(B171="XL","Hemizygous male AF (grpmax)","grpmax FAF95; check SAS, IndiGen, GenomeIndia") -> grpmax FAF95; check SAS, IndiGen, GenomeIndia
A172: RBP3 | B172: AR | C172: RP | D172: =SUMIF(Indian_Gene_Shares!$B$5:$B$47,A172,Indian_Gene_Shares!$G$5:$G$47) -> 0 | E172: =IFERROR(INDEX(ARIDE_Cohort!$C$6:$C$207,MATCH(A172,ARIDE_Cohort!$A$6:$A$207,0)),0) -> 0 | F172: =MAX(Inputs!$B$24,IF(AND(Inputs!$B$29="ARIDE cohort",ARIDE_Cohort!$B$3>=Inputs!$B$30),E172,D172)) -> 0.01 | G172: =IF(AND(Inputs!$B$29="ARIDE cohort",ARIDE_Cohort!$B$3>=Inputs!$B$30),IF(E172>Inputs!$B$24,"ARIDE cohort","Floor (ARIDE share below floor)"),IF(D172>Inputs!$B$24,"Indian literature",IF(D172>0,"Floor (Indian share below floor)","Floor (no Indian data)"))) -> Floor (no Indian data) | H172: =IF(B172="AR",Inputs!$B$14,IF(B172="AD",Inputs!$B$15,Inputs!$B$16)) -> 1 | J172: =IF(I172="",H172,I172) -> 1 | L172: =IF(K172="",Inputs!$B$20,K172) -> 0.5 | M172: =IF(B172="AR",SQRT(Inputs!$B$9*F172/J172),IF(B172="AD",Inputs!$B$9*F172/(2*J172),2*Inputs!$B$9*F172/J172)) -> 0.0047009074 | N172: =IF(B172="AR",IF(Inputs!$B$25=0,SQRT(Inputs!$B$8*F172/J172),(-Inputs!$B$25+SQRT(Inputs!$B$25^2+4*(1-Inputs!$B$25)*Inputs!$B$8*F172/J172))/(2*(1-Inputs!$B$25))),IF(B172="AD",Inputs!$B$8*F172/(2*J172),2*Inputs!$B$8*F172/J172)) -> 0.0041631936 | O172: =MIN(Inputs!$B$26,M172*L172) -> 0.0023504537 | P172: =MIN(Inputs!$B$26,O172*Inputs!$B$19) -> 0.023504537 | Q172: =MIN(O172,N172*Inputs!$B$21) -> 0.00020815968 | U172: =IF(COUNT(R172:T172)>0,"Published spec (+calc where blank)","Calculated (this workbook)") -> Calculated (this workbook) | V172: =IF(R172="",MAX(P172,W172),R172) -> 0.023504537 | W172: =IF(S172="",O172,S172) -> 0.0023504537 | X172: =IF(T172="",Q172,T172) -> 0.00020815968 | Y172: =IF(S172="","",IF(O172<S172,"Calc STRICTER (lower)","Calc more lenient (higher)")) | Z172: =IF(B172="XL","Hemizygous male AF (grpmax)","grpmax FAF95; check SAS, IndiGen, GenomeIndia") -> grpmax FAF95; check SAS, IndiGen, GenomeIndia
A173: RBP4 | B173: AR | C173: RPE dystrophy | D173: =SUMIF(Indian_Gene_Shares!$B$5:$B$47,A173,Indian_Gene_Shares!$G$5:$G$47) -> 0 | E173: =IFERROR(INDEX(ARIDE_Cohort!$C$6:$C$207,MATCH(A173,ARIDE_Cohort!$A$6:$A$207,0)),0) -> 0 | F173: =MAX(Inputs!$B$24,IF(AND(Inputs!$B$29="ARIDE cohort",ARIDE_Cohort!$B$3>=Inputs!$B$30),E173,D173)) -> 0.01 | G173: =IF(AND(Inputs!$B$29="ARIDE cohort",ARIDE_Cohort!$B$3>=Inputs!$B$30),IF(E173>Inputs!$B$24,"ARIDE cohort","Floor (ARIDE share below floor)"),IF(D173>Inputs!$B$24,"Indian literature",IF(D173>0,"Floor (Indian share below floor)","Floor (no Indian data)"))) -> Floor (no Indian data) | H173: =IF(B173="AR",Inputs!$B$14,IF(B173="AD",Inputs!$B$15,Inputs!$B$16)) -> 1 | J173: =IF(I173="",H173,I173) -> 1 | L173: =IF(K173="",Inputs!$B$20,K173) -> 0.5 | M173: =IF(B173="AR",SQRT(Inputs!$B$9*F173/J173),IF(B173="AD",Inputs!$B$9*F173/(2*J173),2*Inputs!$B$9*F173/J173)) -> 0.0047009074 | N173: =IF(B173="AR",IF(Inputs!$B$25=0,SQRT(Inputs!$B$8*F173/J173),(-Inputs!$B$25+SQRT(Inputs!$B$25^2+4*(1-Inputs!$B$25)*Inputs!$B$8*F173/J173))/(2*(1-Inputs!$B$25))),IF(B173="AD",Inputs!$B$8*F173/(2*J173),2*Inputs!$B$8*F173/J173)) -> 0.0041631936 | O173: =MIN(Inputs!$B$26,M173*L173) -> 0.0023504537 | P173: =MIN(Inputs!$B$26,O173*Inputs!$B$19) -> 0.023504537 | Q173: =MIN(O173,N173*Inputs!$B$21) -> 0.00020815968 | U173: =IF(COUNT(R173:T173)>0,"Published spec (+calc where blank)","Calculated (this workbook)") -> Calculated (this workbook) | V173: =IF(R173="",MAX(P173,W173),R173) -> 0.023504537 | W173: =IF(S173="",O173,S173) -> 0.0023504537 | X173: =IF(T173="",Q173,T173) -> 0.00020815968 | Y173: =IF(S173="","",IF(O173<S173,"Calc STRICTER (lower)","Calc more lenient (higher)")) | Z173: =IF(B173="XL","Hemizygous male AF (grpmax)","grpmax FAF95; check SAS, IndiGen, GenomeIndia") -> grpmax FAF95; check SAS, IndiGen, GenomeIndia
A174: RCBTB1 | B174: AR | C174: RP/FEVR | D174: =SUMIF(Indian_Gene_Shares!$B$5:$B$47,A174,Indian_Gene_Shares!$G$5:$G$47) -> 0 | E174: =IFERROR(INDEX(ARIDE_Cohort!$C$6:$C$207,MATCH(A174,ARIDE_Cohort!$A$6:$A$207,0)),0) -> 0 | F174: =MAX(Inputs!$B$24,IF(AND(Inputs!$B$29="ARIDE cohort",ARIDE_Cohort!$B$3>=Inputs!$B$30),E174,D174)) -> 0.01 | G174: =IF(AND(Inputs!$B$29="ARIDE cohort",ARIDE_Cohort!$B$3>=Inputs!$B$30),IF(E174>Inputs!$B$24,"ARIDE cohort","Floor (ARIDE share below floor)"),IF(D174>Inputs!$B$24,"Indian literature",IF(D174>0,"Floor (Indian share below floor)","Floor (no Indian data)"))) -> Floor (no Indian data) | H174: =IF(B174="AR",Inputs!$B$14,IF(B174="AD",Inputs!$B$15,Inputs!$B$16)) -> 1 | J174: =IF(I174="",H174,I174) -> 1 | L174: =IF(K174="",Inputs!$B$20,K174) -> 0.5 | M174: =IF(B174="AR",SQRT(Inputs!$B$9*F174/J174),IF(B174="AD",Inputs!$B$9*F174/(2*J174),2*Inputs!$B$9*F174/J174)) -> 0.0047009074 | N174: =IF(B174="AR",IF(Inputs!$B$25=0,SQRT(Inputs!$B$8*F174/J174),(-Inputs!$B$25+SQRT(Inputs!$B$25^2+4*(1-Inputs!$B$25)*Inputs!$B$8*F174/J174))/(2*(1-Inputs!$B$25))),IF(B174="AD",Inputs!$B$8*F174/(2*J174),2*Inputs!$B$8*F174/J174)) -> 0.0041631936 | O174: =MIN(Inputs!$B$26,M174*L174) -> 0.0023504537 | P174: =MIN(Inputs!$B$26,O174*Inputs!$B$19) -> 0.023504537 | Q174: =MIN(O174,N174*Inputs!$B$21) -> 0.00020815968 | U174: =IF(COUNT(R174:T174)>0,"Published spec (+calc where blank)","Calculated (this workbook)") -> Calculated (this workbook) | V174: =IF(R174="",MAX(P174,W174),R174) -> 0.023504537 | W174: =IF(S174="",O174,S174) -> 0.0023504537 | X174: =IF(T174="",Q174,T174) -> 0.00020815968 | Y174: =IF(S174="","",IF(O174<S174,"Calc STRICTER (lower)","Calc more lenient (higher)")) | Z174: =IF(B174="XL","Hemizygous male AF (grpmax)","grpmax FAF95; check SAS, IndiGen, GenomeIndia") -> grpmax FAF95; check SAS, IndiGen, GenomeIndia
A175: RD3 | B175: AR | C175: LCA | D175: =SUMIF(Indian_Gene_Shares!$B$5:$B$47,A175,Indian_Gene_Shares!$G$5:$G$47) -> 0 | E175: =IFERROR(INDEX(ARIDE_Cohort!$C$6:$C$207,MATCH(A175,ARIDE_Cohort!$A$6:$A$207,0)),0) -> 0 | F175: =MAX(Inputs!$B$24,IF(AND(Inputs!$B$29="ARIDE cohort",ARIDE_Cohort!$B$3>=Inputs!$B$30),E175,D175)) -> 0.01 | G175: =IF(AND(Inputs!$B$29="ARIDE cohort",ARIDE_Cohort!$B$3>=Inputs!$B$30),IF(E175>Inputs!$B$24,"ARIDE cohort","Floor (ARIDE share below floor)"),IF(D175>Inputs!$B$24,"Indian literature",IF(D175>0,"Floor (Indian share below floor)","Floor (no Indian data)"))) -> Floor (no Indian data) | H175: =IF(B175="AR",Inputs!$B$14,IF(B175="AD",Inputs!$B$15,Inputs!$B$16)) -> 1 | J175: =IF(I175="",H175,I175) -> 1 | L175: =IF(K175="",Inputs!$B$20,K175) -> 0.5 | M175: =IF(B175="AR",SQRT(Inputs!$B$9*F175/J175),IF(B175="AD",Inputs!$B$9*F175/(2*J175),2*Inputs!$B$9*F175/J175)) -> 0.0047009074 | N175: =IF(B175="AR",IF(Inputs!$B$25=0,SQRT(Inputs!$B$8*F175/J175),(-Inputs!$B$25+SQRT(Inputs!$B$25^2+4*(1-Inputs!$B$25)*Inputs!$B$8*F175/J175))/(2*(1-Inputs!$B$25))),IF(B175="AD",Inputs!$B$8*F175/(2*J175),2*Inputs!$B$8*F175/J175)) -> 0.0041631936 | O175: =MIN(Inputs!$B$26,M175*L175) -> 0.0023504537 | P175: =MIN(Inputs!$B$26,O175*Inputs!$B$19) -> 0.023504537 | Q175: =MIN(O175,N175*Inputs!$B$21) -> 0.00020815968 | U175: =IF(COUNT(R175:T175)>0,"Published spec (+calc where blank)","Calculated (this workbook)") -> Calculated (this workbook) | V175: =IF(R175="",MAX(P175,W175),R175) -> 0.023504537 | W175: =IF(S175="",O175,S175) -> 0.0023504537 | X175: =IF(T175="",Q175,T175) -> 0.00020815968 | Y175: =IF(S175="","",IF(O175<S175,"Calc STRICTER (lower)","Calc more lenient (higher)")) | Z175: =IF(B175="XL","Hemizygous male AF (grpmax)","grpmax FAF95; check SAS, IndiGen, GenomeIndia") -> grpmax FAF95; check SAS, IndiGen, GenomeIndia
... A194: RP9 | B194: AD | C194: RP | D194: =SUMIF(Indian_Gene_Shares!$B$5:$B$47,A194,Indian_Gene_Shares!$G$5:$G$47) -> 0 | E194: =IFERROR(INDEX(ARIDE_Cohort!$C$6:$C$207,MATCH(A194,ARIDE_Cohort!$A$6:$A$207,0)),0) -> 0 | F194: =MAX(Inputs!$B$24,IF(AND(Inputs!$B$29="ARIDE cohort",ARIDE_Cohort!$B$3>=Inputs!$B$30),E194,D194)) -> 0.01 | G194: =IF(AND(Inputs!$B$29="ARIDE cohort",ARIDE_Cohort!$B$3>=Inputs!$B$30),IF(E194>Inputs!$B$24,"ARIDE cohort","Floor (ARIDE share below floor)"),IF(D194>Inputs!$B$24,"Indian literature",IF(D194>0,"Floor (Indian share below floor)","Floor (no Indian data)"))) -> Floor (no Indian data) | H194: =IF(B194="AR",Inputs!$B$14,IF(B194="AD",Inputs!$B$15,Inputs!$B$16)) -> 0.5 | J194: =IF(I194="",H194,I194) -> 0.5 | L194: =IF(K194="",Inputs!$B$20,K194) -> 0.5 | M194: =IF(B194="AR",SQRT(Inputs!$B$9*F194/J194),IF(B194="AD",Inputs!$B$9*F194/(2*J194),2*Inputs!$B$9*F194/J194)) -> 2.2098531e-05 | N194: =IF(B194="AR",IF(Inputs!$B$25=0,SQRT(Inputs!$B$8*F194/J194),(-Inputs!$B$25+SQRT(Inputs!$B$25^2+4*(1-Inputs!$B$25)*Inputs!$B$8*F194/J194))/(2*(1-Inputs!$B$25))),IF(B194="AD",Inputs!$B$8*F194/(2*J194),2*Inputs!$B$8*F194/J194)) -> 1.7332181e-05 | O194: =MIN(Inputs!$B$26,M194*L194) -> 1.1049265e-05 | P194: =MIN(Inputs!$B$26,O194*Inputs!$B$19) -> 0.00011049265 | Q194: =MIN(O194,N194*Inputs!$B$21) -> 8.6660905e-07 | U194: =IF(COUNT(R194:T194)>0,"Published spec (+calc where blank)","Calculated (this workbook)") -> Calculated (this workbook) | V194: =IF(R194="",MAX(P194,W194),R194) -> 0.00011049265 | W194: =IF(S194="",O194,S194) -> 1.1049265e-05 | X194: =IF(T194="",Q194,T194) -> 8.6660905e-07 | Y194: =IF(S194="","",IF(O194<S194,"Calc STRICTER (lower)","Calc more lenient (higher)")) | Z194: =IF(B194="XL","Hemizygous male AF (grpmax)","grpmax FAF95; check SAS, IndiGen, GenomeIndia") -> grpmax FAF95; check SAS, IndiGen, GenomeIndia
A195: RPE65 | B195: AR | C195: LCA/RP | D195: =SUMIF(Indian_Gene_Shares!$B$5:$B$47,A195,Indian_Gene_Shares!$G$5:$G$47) -> 0.054964067 | E195: =IFERROR(INDEX(ARIDE_Cohort!$C$6:$C$207,MATCH(A195,ARIDE_Cohort!$A$6:$A$207,0)),0) -> 0 | F195: =MAX(Inputs!$B$24,IF(AND(Inputs!$B$29="ARIDE cohort",ARIDE_Cohort!$B$3>=Inputs!$B$30),E195,D195)) -> 0.054964067 | G195: =IF(AND(Inputs!$B$29="ARIDE cohort",ARIDE_Cohort!$B$3>=Inputs!$B$30),IF(E195>Inputs!$B$24,"ARIDE cohort","Floor (ARIDE share below floor)"),IF(D195>Inputs!$B$24,"Indian literature",IF(D195>0,"Floor (Indian share below floor)","Floor (no Indian data)"))) -> Indian literature | H195: =IF(B195="AR",Inputs!$B$14,IF(B195="AD",Inputs!$B$15,Inputs!$B$16)) -> 1 | J195: =IF(I195="",H195,I195) -> 1 | L195: =IF(K195="",Inputs!$B$20,K195) -> 0.5 | M195: =IF(B195="AR",SQRT(Inputs!$B$9*F195/J195),IF(B195="AD",Inputs!$B$9*F195/(2*J195),2*Inputs!$B$9*F195/J195)) -> 0.011021003 | N195: =IF(B195="AR",IF(Inputs!$B$25=0,SQRT(Inputs!$B$8*F195/J195),(-Inputs!$B$25+SQRT(Inputs!$B$25^2+4*(1-Inputs!$B$25)*Inputs!$B$8*F195/J195))/(2*(1-Inputs!$B$25))),IF(B195="AD",Inputs!$B$8*F195/(2*J195),2*Inputs!$B$8*F195/J195)) -> 0.0097603645 | O195: =MIN(Inputs!$B$26,M195*L195) -> 0.0055105016 | P195: =MIN(Inputs!$B$26,O195*Inputs!$B$19) -> 0.05 | Q195: =MIN(O195,N195*Inputs!$B$21) -> 0.00048801823 | R195: 0.008 | S195: 0.0008 | T195: 0.0002 | U195: =IF(COUNT(R195:T195)>0,"Published spec (+calc where blank)","Calculated (this workbook)") -> Published spec (+calc where blank) | V195: =IF(R195="",MAX(P195,W195),R195) -> 0.008 | W195: =IF(S195="",O195,S195) -> 0.0008 | X195: =IF(T195="",Q195,T195) -> 0.0002 | Y195: =IF(S195="","",IF(O195<S195,"Calc STRICTER (lower)","Calc more lenient (higher)")) -> Calc more lenient (higher) | Z195: =IF(B195="XL","Hemizygous male AF (grpmax)","grpmax FAF95; check SAS, IndiGen, GenomeIndia") -> grpmax FAF95; check SAS, IndiGen, GenomeIndia | AA195: ClinGen LCA/EORD VCEP v1.0 (2023): BA1 grpmax FAF >=8e-3; BS1 8e-4 to <8e-3; PM2_Sup FAF <=2e-4
A196: RPE65 | B196: AD | C196: RP | D196: =SUMIF(Indian_Gene_Shares!$B$5:$B$47,A196,Indian_Gene_Shares!$G$5:$G$47) -> 0.054964067 | E196: =IFERROR(INDEX(ARIDE_Cohort!$C$6:$C$207,MATCH(A196,ARIDE_Cohort!$A$6:$A$207,0)),0) -> 0 | F196: =MAX(Inputs!$B$24,IF(AND(Inputs!$B$29="ARIDE cohort",ARIDE_Cohort!$B$3>=Inputs!$B$30),E196,D196)) -> 0.054964067 | G196: =IF(AND(Inputs!$B$29="ARIDE cohort",ARIDE_Cohort!$B$3>=Inputs!$B$30),IF(E196>Inputs!$B$24,"ARIDE cohort","Floor (ARIDE share below floor)"),IF(D196>Inputs!$B$24,"Indian literature",IF(D196>0,"Floor (Indian share below floor)","Floor (no Indian data)"))) -> Indian literature | H196: =IF(B196="AR",Inputs!$B$14,IF(B196="AD",Inputs!$B$15,Inputs!$B$16)) -> 0.5 | J196: =IF(I196="",H196,I196) -> 0.5 | L196: =IF(K196="",Inputs!$B$20,K196) -> 0.5 | M196: =IF(B196="AR",SQRT(Inputs!$B$9*F196/J196),IF(B196="AD",Inputs!$B$9*F196/(2*J196),2*Inputs!$B$9*F196/J196)) -> 0.00012146251 | N196: =IF(B196="AR",IF(Inputs!$B$25=0,SQRT(Inputs!$B$8*F196/J196),(-Inputs!$B$25+SQRT(Inputs!$B$25^2+4*(1-Inputs!$B$25)*Inputs!$B$8*F196/J196))/(2*(1-Inputs!$B$25))),IF(B196="AD",Inputs!$B$8*F196/(2*J196),2*Inputs!$B$8*F196/J196)) -> 9.5264716e-05 | O196: =MIN(Inputs!$B$26,M196*L196) -> 6.0731256e-05 | P196: =MIN(Inputs!$B$26,O196*Inputs!$B$19) -> 0.00060731256 | Q196: =MIN(O196,N196*Inputs!$B$21) -> 4.7632358e-06 | U196: =IF(COUNT(R196:T196)>0,"Published spec (+calc where blank)","Calculated (this workbook)") -> Calculated (this workbook) | V196: =IF(R196="",MAX(P196,W196),R196) -> 0.00060731256 | W196: =IF(S196="",O196,S196) -> 6.0731256e-05 | X196: =IF(T196="",Q196,T196) -> 4.7632358e-06 | Y196: =IF(S196="","",IF(O196<S196,"Calc STRICTER (lower)","Calc more lenient (higher)")) | Z196: =IF(B196="XL","Hemizygous male AF (grpmax)","grpmax FAF95; check SAS, IndiGen, GenomeIndia") -> grpmax FAF95; check SAS, IndiGen, GenomeIndia
A197: RPGR | B197: XL | C197: RP/CRD | D197: =SUMIF(Indian_Gene_Shares!$B$5:$B$47,A197,Indian_Gene_Shares!$G$5:$G$47) -> 0 | E197: =IFERROR(INDEX(ARIDE_Cohort!$C$6:$C$207,MATCH(A197,ARIDE_Cohort!$A$6:$A$207,0)),0) -> 0 | F197: =MAX(Inputs!$B$24,IF(AND(Inputs!$B$29="ARIDE cohort",ARIDE_Cohort!$B$3>=Inputs!$B$30),E197,D197)) -> 0.01 | G197: =IF(AND(Inputs!$B$29="ARIDE cohort",ARIDE_Cohort!$B$3>=Inputs!$B$30),IF(E197>Inputs!$B$24,"ARIDE cohort","Floor (ARIDE share below floor)"),IF(D197>Inputs!$B$24,"Indian literature",IF(D197>0,"Floor (Indian share below floor)","Floor (no Indian data)"))) -> Floor (no Indian data) | H197: =IF(B197="AR",Inputs!$B$14,IF(B197="AD",Inputs!$B$15,Inputs!$B$16)) -> 1 | J197: =IF(I197="",H197,I197) -> 1 | L197: =IF(K197="",Inputs!$B$20,K197) -> 0.5 | M197: =IF(B197="AR",SQRT(Inputs!$B$9*F197/J197),IF(B197="AD",Inputs!$B$9*F197/(2*J197),2*Inputs!$B$9*F197/J197)) -> 4.4197061e-05 | N197: =IF(B197="AR",IF(Inputs!$B$25=0,SQRT(Inputs!$B$8*F197/J197),(-Inputs!$B$25+SQRT(Inputs!$B$25^2+4*(1-Inputs!$B$25)*Inputs!$B$8*F197/J197))/(2*(1-Inputs!$B$25))),IF(B197="AD",Inputs!$B$8*F197/(2*J197),2*Inputs!$B$8*F197/J197)) -> 3.4664362e-05 | O197: =MIN(Inputs!$B$26,M197*L197) -> 2.2098531e-05 | P197: =MIN(Inputs!$B$26,O197*Inputs!$B$19) -> 0.00022098531 | Q197: =MIN(O197,N197*Inputs!$B$21) -> 1.7332181e-06 | R197: 0.05 | S197: 8.3e-05 | T197: 5e-05 | U197: =IF(COUNT(R197:T197)>0,"Published spec (+calc where blank)","Calculated (this workbook)") -> Published spec (+calc where blank) | V197: =IF(R197="",MAX(P197,W197),R197) -> 0.05 | W197: =IF(S197="",O197,S197) -> 8.3e-05 | X197: =IF(T197="",Q197,T197) -> 5e-05 | Y197: =IF(S197="","",IF(O197<S197,"Calc STRICTER (lower)","Calc more lenient (higher)")) -> Calc STRICTER (lower) | Z197: =IF(B197="XL","Hemizygous male AF (grpmax)","grpmax FAF95; check SAS, IndiGen, GenomeIndia") -> Hemizygous male AF (grpmax) | AA197: ClinGen XLIRD VCEP v1.0.0 (2025): BA1 >5% males; BS1 >=8.3e-5 males; PM2_Sup <=5e-5 males | AB197: No Indian gene-share data → floor used; calculated values are below the VCEP values, so use the VCEP (recommended columns).
A198: RPGRIP1 | B198: AR | C198: LCA/CRD | D198: =SUMIF(Indian_Gene_Shares!$B$5:$B$47,A198,Indian_Gene_Shares!$G$5:$G$47) -> 0.00038183891 | E198: =IFERROR(INDEX(ARIDE_Cohort!$C$6:$C$207,MATCH(A198,ARIDE_Cohort!$A$6:$A$207,0)),0) -> 0 | F198: =MAX(Inputs!$B$24,IF(AND(Inputs!$B$29="ARIDE cohort",ARIDE_Cohort!$B$3>=Inputs!$B$30),E198,D198)) -> 0.01 | G198: =IF(AND(Inputs!$B$29="ARIDE cohort",ARIDE_Cohort!$B$3>=Inputs!$B$30),IF(E198>Inputs!$B$24,"ARIDE cohort","Floor (ARIDE share below floor)"),IF(D198>Inputs!$B$24,"Indian literature",IF(D198>0,"Floor (Indian share below floor)","Floor (no Indian data)"))) -> Floor (Indian share below floor) | H198: =IF(B198="AR",Inputs!$B$14,IF(B198="AD",Inputs!$B$15,Inputs!$B$16)) -> 1 | J198: =IF(I198="",H198,I198) -> 1 | L198: =IF(K198="",Inputs!$B$20,K198) -> 0.5 | M198: =IF(B198="AR",SQRT(Inputs!$B$9*F198/J198),IF(B198="AD",Inputs!$B$9*F198/(2*J198),2*Inputs!$B$9*F198/J198)) -> 0.0047009074 | N198: =IF(B198="AR",IF(Inputs!$B$25=0,SQRT(Inputs!$B$8*F198/J198),(-Inputs!$B$25+SQRT(Inputs!$B$25^2+4*(1-Inputs!$B$25)*Inputs!$B$8*F198/J198))/(2*(1-Inputs!$B$25))),IF(B198="AD",Inputs!$B$8*F198/(2*J198),2*Inputs!$B$8*F198/J198)) -> 0.0041631936 | O198: =MIN(Inputs!$B$26,M198*L198) -> 0.0023504537 | P198: =MIN(Inputs!$B$26,O198*Inputs!$B$19) -> 0.023504537 | Q198: =MIN(O198,N198*Inputs!$B$21) -> 0.00020815968 | U198: =IF(COUNT(R198:T198)>0,"Published spec (+calc where blank)","Calculated (this workbook)") -> Calculated (this workbook) | V198: =IF(R198="",MAX(P198,W198),R198) -> 0.023504537 | W198: =IF(S198="",O198,S198) -> 0.0023504537 | X198: =IF(T198="",Q198,T198) -> 0.00020815968 | Y198: =IF(S198="","",IF(O198<S198,"Calc STRICTER (lower)","Calc more lenient (higher)")) | Z198: =IF(B198="XL","Hemizygous male AF (grpmax)","grpmax FAF95; check SAS, IndiGen, GenomeIndia") -> grpmax FAF95; check SAS, IndiGen, GenomeIndia
A199: RPGRIP1L | B199: AR | C199: JS | D199: =SUMIF(Indian_Gene_Shares!$B$5:$B$47,A199,Indian_Gene_Shares!$G$5:$G$47) -> 0.00055511968 | E199: =IFERROR(INDEX(ARIDE_Cohort!$C$6:$C$207,MATCH(A199,ARIDE_Cohort!$A$6:$A$207,0)),0) -> 0 | F199: =MAX(Inputs!$B$24,IF(AND(Inputs!$B$29="ARIDE cohort",ARIDE_Cohort!$B$3>=Inputs!$B$30),E199,D199)) -> 0.01 | G199: =IF(AND(Inputs!$B$29="ARIDE cohort",ARIDE_Cohort!$B$3>=Inputs!$B$30),IF(E199>Inputs!$B$24,"ARIDE cohort","Floor (ARIDE share below floor)"),IF(D199>Inputs!$B$24,"Indian literature",IF(D199>0,"Floor (Indian share below floor)","Floor (no Indian data)"))) -> Floor (Indian share below floor) | H199: =IF(B199="AR",Inputs!$B$14,IF(B199="AD",Inputs!$B$15,Inputs!$B$16)) -> 1 | J199: =IF(I199="",H199,I199) -> 1 | L199: =IF(K199="",Inputs!$B$20,K199) -> 0.5 | M199: =IF(B199="AR",SQRT(Inputs!$B$9*F199/J199),IF(B199="AD",Inputs!$B$9*F199/(2*J199),2*Inputs!$B$9*F199/J199)) -> 0.0047009074 | N199: =IF(B199="AR",IF(Inputs!$B$25=0,SQRT(Inputs!$B$8*F199/J199),(-Inputs!$B$25+SQRT(Inputs!$B$25^2+4*(1-Inputs!$B$25)*Inputs!$B$8*F199/J199))/(2*(1-Inputs!$B$25))),IF(B199="AD",Inputs!$B$8*F199/(2*J199),2*Inputs!$B$8*F199/J199)) -> 0.0041631936 | O199: =MIN(Inputs!$B$26,M199*L199) -> 0.0023504537 | P199: =MIN(Inputs!$B$26,O199*Inputs!$B$19) -> 0.023504537 | Q199: =MIN(O199,N199*Inputs!$B$21) -> 0.00020815968 | U199: =IF(COUNT(R199:T199)>0,"Published spec (+calc where blank)","Calculated (this workbook)") -> Calculated (this workbook) | V199: =IF(R199="",MAX(P199,W199),R199) -> 0.023504537 | W199: =IF(S199="",O199,S199) -> 0.0023504537 | X199: =IF(T199="",Q199,T199) -> 0.00020815968 | Y199: =IF(S199="","",IF(O199<S199,"Calc STRICTER (lower)","Calc more lenient (higher)")) | Z199: =IF(B199="XL","Hemizygous male AF (grpmax)","grpmax FAF95; check SAS, IndiGen, GenomeIndia") -> grpmax FAF95; check SAS, IndiGen, GenomeIndia
A200: RS1 | B200: XL | C200: XLRS | D200: =SUMIF(Indian_Gene_Shares!$B$5:$B$47,A200,Indian_Gene_Shares!$G$5:$G$47) -> 0.0052241641 | E200: =IFERROR(INDEX(ARIDE_Cohort!$C$6:$C$207,MATCH(A200,ARIDE_Cohort!$A$6:$A$207,0)),0) -> 0 | F200: =MAX(Inputs!$B$24,IF(AND(Inputs!$B$29="ARIDE cohort",ARIDE_Cohort!$B$3>=Inputs!$B$30),E200,D200)) -> 0.01 | G200: =IF(AND(Inputs!$B$29="ARIDE cohort",ARIDE_Cohort!$B$3>=Inputs!$B$30),IF(E200>Inputs!$B$24,"ARIDE cohort","Floor (ARIDE share below floor)"),IF(D200>Inputs!$B$24,"Indian literature",IF(D200>0,"Floor (Indian share below floor)","Floor (no Indian data)"))) -> Floor (Indian share below floor) | H200: =IF(B200="AR",Inputs!$B$14,IF(B200="AD",Inputs!$B$15,Inputs!$B$16)) -> 1 | J200: =IF(I200="",H200,I200) -> 1 | L200: =IF(K200="",Inputs!$B$20,K200) -> 0.5 | M200: =IF(B200="AR",SQRT(Inputs!$B$9*F200/J200),IF(B200="AD",Inputs!$B$9*F200/(2*J200),2*Inputs!$B$9*F200/J200)) -> 4.4197061e-05 | N200: =IF(B200="AR",IF(Inputs!$B$25=0,SQRT(Inputs!$B$8*F200/J200),(-Inputs!$B$25+SQRT(Inputs!$B$25^2+4*(1-Inputs!$B$25)*Inputs!$B$8*F200/J200))/(2*(1-Inputs!$B$25))),IF(B200="AD",Inputs!$B$8*F200/(2*J200),2*Inputs!$B$8*F200/J200)) -> 3.4664362e-05 | O200: =MIN(Inputs!$B$26,M200*L200) -> 2.2098531e-05 | P200: =MIN(Inputs!$B$26,O200*Inputs!$B$19) -> 0.00022098531 | Q200: =MIN(O200,N200*Inputs!$B$21) -> 1.7332181e-06 | R200: 0.0002 | S200: 2e-05 | T200: 2e-06 | U200: =IF(COUNT(R200:T200)>0,"Published spec (+calc where blank)","Calculated (this workbook)") -> Published spec (+calc where blank) | V200: =IF(R200="",MAX(P200,W200),R200) -> 0.0002 | W200: =IF(S200="",O200,S200) -> 2e-05 | X200: =IF(T200="",Q200,T200) -> 2e-06 | Y200: =IF(S200="","",IF(O200<S200,"Calc STRICTER (lower)","Calc more lenient (higher)")) -> Calc more lenient (higher) | Z200: =IF(B200="XL","Hemizygous male AF (grpmax)","grpmax FAF95; check SAS, IndiGen, GenomeIndia") -> Hemizygous male AF (grpmax) | AA200: ClinGen XLIRD VCEP v1.0.0: BA1 >=2e-4 males; BS1 >=2e-5 males; PM2_Sup <2e-6 males | AB200: No Indian gene-share data → floor used; calculated values are below the VCEP values, so use the VCEP (recommended columns).
A201: SAG | B201: AR | C201: CSNB (Oguchi)/RP | D201: =SUMIF(Indian_Gene_Shares!$B$5:$B$47,A201,Indian_Gene_Shares!$G$5:$G$47) -> 0 | E201: =IFERROR(INDEX(ARIDE_Cohort!$C$6:$C$207,MATCH(A201,ARIDE_Cohort!$A$6:$A$207,0)),0) -> 0 | F201: =MAX(Inputs!$B$24,IF(AND(Inputs!$B$29="ARIDE cohort",ARIDE_Cohort!$B$3>=Inputs!$B$30),E201,D201)) -> 0.01 | G201: =IF(AND(Inputs!$B$29="ARIDE cohort",ARIDE_Cohort!$B$3>=Inputs!$B$30),IF(E201>Inputs!$B$24,"ARIDE cohort","Floor (ARIDE share below floor)"),IF(D201>Inputs!$B$24,"Indian literature",IF(D201>0,"Floor (Indian share below floor)","Floor (no Indian data)"))) -> Floor (no Indian data) | H201: =IF(B201="AR",Inputs!$B$14,IF(B201="AD",Inputs!$B$15,Inputs!$B$16)) -> 1 | J201: =IF(I201="",H201,I201) -> 1 | L201: =IF(K201="",Inputs!$B$20,K201) -> 0.5 | M201: =IF(B201="AR",SQRT(Inputs!$B$9*F201/J201),IF(B201="AD",Inputs!$B$9*F201/(2*J201),2*Inputs!$B$9*F201/J201)) -> 0.0047009074 | N201: =IF(B201="AR",IF(Inputs!$B$25=0,SQRT(Inputs!$B$8*F201/J201),(-Inputs!$B$25+SQRT(Inputs!$B$25^2+4*(1-Inputs!$B$25)*Inputs!$B$8*F201/J201))/(2*(1-Inputs!$B$25))),IF(B201="AD",Inputs!$B$8*F201/(2*J201),2*Inputs!$B$8*F201/J201)) -> 0.0041631936 | O201: =MIN(Inputs!$B$26,M201*L201) -> 0.0023504537 | P201: =MIN(Inputs!$B$26,O201*Inputs!$B$19) -> 0.023504537 | Q201: =MIN(O201,N201*Inputs!$B$21) -> 0.00020815968 | U201: =IF(COUNT(R201:T201)>0,"Published spec (+calc where blank)","Calculated (this workbook)") -> Calculated (this workbook) | V201: =IF(R201="",MAX(P201,W201),R201) -> 0.023504537 | W201: =IF(S201="",O201,S201) -> 0.0023504537 | X201: =IF(T201="",Q201,T201) -> 0.00020815968 | Y201: =IF(S201="","",IF(O201<S201,"Calc STRICTER (lower)","Calc more lenient (higher)")) | Z201: =IF(B201="XL","Hemizygous male AF (grpmax)","grpmax FAF95; check SAS, IndiGen, GenomeIndia") -> grpmax FAF95; check SAS, IndiGen, GenomeIndia
A202: SAG | B202: AD | C202: RP | D202: =SUMIF(Indian_Gene_Shares!$B$5:$B$47,A202,Indian_Gene_Shares!$G$5:$G$47) -> 0 | E202: =IFERROR(INDEX(ARIDE_Cohort!$C$6:$C$207,MATCH(A202,ARIDE_Cohort!$A$6:$A$207,0)),0) -> 0 | F202: =MAX(Inputs!$B$24,IF(AND(Inputs!$B$29="ARIDE cohort",ARIDE_Cohort!$B$3>=Inputs!$B$30),E202,D202)) -> 0.01 | G202: =IF(AND(Inputs!$B$29="ARIDE cohort",ARIDE_Cohort!$B$3>=Inputs!$B$30),IF(E202>Inputs!$B$24,"ARIDE cohort","Floor (ARIDE share below floor)"),IF(D202>Inputs!$B$24,"Indian literature",IF(D202>0,"Floor (Indian share below floor)","Floor (no Indian data)"))) -> Floor (no Indian data) | H202: =IF(B202="AR",Inputs!$B$14,IF(B202="AD",Inputs!$B$15,Inputs!$B$16)) -> 0.5 | J202: =IF(I202="",H202,I202) -> 0.5 | L202: =IF(K202="",Inputs!$B$20,K202) -> 0.5 | M202: =IF(B202="AR",SQRT(Inputs!$B$9*F202/J202),IF(B202="AD",Inputs!$B$9*F202/(2*J202),2*Inputs!$B$9*F202/J202)) -> 2.2098531e-05 | N202: =IF(B202="AR",IF(Inputs!$B$25=0,SQRT(Inputs!$B$8*F202/J202),(-Inputs!$B$25+SQRT(Inputs!$B$25^2+4*(1-Inputs!$B$25)*Inputs!$B$8*F202/J202))/(2*(1-Inputs!$B$25))),IF(B202="AD",Inputs!$B$8*F202/(2*J202),2*Inputs!$B$8*F202/J202)) -> 1.7332181e-05 | O202: =MIN(Inputs!$B$26,M202*L202) -> 1.1049265e-05 | P202: =MIN(Inputs!$B$26,O202*Inputs!$B$19) -> 0.00011049265 | Q202: =MIN(O202,N202*Inputs!$B$21) -> 8.6660905e-07 | U202: =IF(COUNT(R202:T202)>0,"Published spec (+calc where blank)","Calculated (this workbook)") -> Calculated (this workbook) | V202: =IF(R202="",MAX(P202,W202),R202) -> 0.00011049265 | W202: =IF(S202="",O202,S202) -> 1.1049265e-05 | X202: =IF(T202="",Q202,T202) -> 8.6660905e-07 | Y202: =IF(S202="","",IF(O202<S202,"Calc STRICTER (lower)","Calc more lenient (higher)")) | Z202: =IF(B202="XL","Hemizygous male AF (grpmax)","grpmax FAF95; check SAS, IndiGen, GenomeIndia") -> grpmax FAF95; check SAS, IndiGen, GenomeIndia
A203: SAMD11 | B203: AR | C203: RP | D203: =SUMIF(Indian_Gene_Shares!$B$5:$B$47,A203,Indian_Gene_Shares!$G$5:$G$47) -> 0 | E203: =IFERROR(INDEX(ARIDE_Cohort!$C$6:$C$207,MATCH(A203,ARIDE_Cohort!$A$6:$A$207,0)),0) -> 0 | F203: =MAX(Inputs!$B$24,IF(AND(Inputs!$B$29="ARIDE cohort",ARIDE_Cohort!$B$3>=Inputs!$B$30),E203,D203)) -> 0.01 | G203: =IF(AND(Inputs!$B$29="ARIDE cohort",ARIDE_Cohort!$B$3>=Inputs!$B$30),IF(E203>Inputs!$B$24,"ARIDE cohort","Floor (ARIDE share below floor)"),IF(D203>Inputs!$B$24,"Indian literature",IF(D203>0,"Floor (Indian share below floor)","Floor (no Indian data)"))) -> Floor (no Indian data) | H203: =IF(B203="AR",Inputs!$B$14,IF(B203="AD",Inputs!$B$15,Inputs!$B$16)) -> 1 | J203: =IF(I203="",H203,I203) -> 1 | L203: =IF(K203="",Inputs!$B$20,K203) -> 0.5 | M203: =IF(B203="AR",SQRT(Inputs!$B$9*F203/J203),IF(B203="AD",Inputs!$B$9*F203/(2*J203),2*Inputs!$B$9*F203/J203)) -> 0.0047009074 | N203: =IF(B203="AR",IF(Inputs!$B$25=0,SQRT(Inputs!$B$8*F203/J203),(-Inputs!$B$25+SQRT(Inputs!$B$25^2+4*(1-Inputs!$B$25)*Inputs!$B$8*F203/J203))/(2*(1-Inputs!$B$25))),IF(B203="AD",Inputs!$B$8*F203/(2*J203),2*Inputs!$B$8*F203/J203)) -> 0.0041631936 | O203: =MIN(Inputs!$B$26,M203*L203) -> 0.0023504537 | P203: =MIN(Inputs!$B$26,O203*Inputs!$B$19) -> 0.023504537 | Q203: =MIN(O203,N203*Inputs!$B$21) -> 0.00020815968 | U203: =IF(COUNT(R203:T203)>0,"Published spec (+calc where blank)","Calculated (this workbook)") -> Calculated (this workbook) | V203: =IF(R203="",MAX(P203,W203),R203) -> 0.023504537 | W203: =IF(S203="",O203,S203) -> 0.0023504537 | X203: =IF(T203="",Q203,T203) -> 0.00020815968 | Y203: =IF(S203="","",IF(O203<S203,"Calc STRICTER (lower)","Calc more lenient (higher)")) | Z203: =IF(B203="XL","Hemizygous male AF (grpmax)","grpmax FAF95; check SAS, IndiGen, GenomeIndia") -> grpmax FAF95; check SAS, IndiGen, GenomeIndia
A204: SDCCAG8 | B204: AR | C204: BBS/SLS | D204: =SUMIF(Indian_Gene_Shares!$B$5:$B$47,A204,Indian_Gene_Shares!$G$5:$G$47) -> 0 | E204: =IFERROR(INDEX(ARIDE_Cohort!$C$6:$C$207,MATCH(A204,ARIDE_Cohort!$A$6:$A$207,0)),0) -> 0 | F204: =MAX(Inputs!$B$24,IF(AND(Inputs!$B$29="ARIDE cohort",ARIDE_Cohort!$B$3>=Inputs!$B$30),E204,D204)) -> 0.01 | G204: =IF(AND(Inputs!$B$29="ARIDE cohort",ARIDE_Cohort!$B$3>=Inputs!$B$30),IF(E204>Inputs!$B$24,"ARIDE cohort","Floor (ARIDE share below floor)"),IF(D204>Inputs!$B$24,"Indian literature",IF(D204>0,"Floor (Indian share below floor)","Floor (no Indian data)"))) -> Floor (no Indian data) | H204: =IF(B204="AR",Inputs!$B$14,IF(B204="AD",Inputs!$B$15,Inputs!$B$16)) -> 1 | J204: =IF(I204="",H204,I204) -> 1 | L204: =IF(K204="",Inputs!$B$20,K204) -> 0.5 | M204: =IF(B204="AR",SQRT(Inputs!$B$9*F204/J204),IF(B204="AD",Inputs!$B$9*F204/(2*J204),2*Inputs!$B$9*F204/J204)) -> 0.0047009074 | N204: =IF(B204="AR",IF(Inputs!$B$25=0,SQRT(Inputs!$B$8*F204/J204),(-Inputs!$B$25+SQRT(Inputs!$B$25^2+4*(1-Inputs!$B$25)*Inputs!$B$8*F204/J204))/(2*(1-Inputs!$B$25))),IF(B204="AD",Inputs!$B$8*F204/(2*J204),2*Inputs!$B$8*F204/J204)) -> 0.0041631936 | O204: =MIN(Inputs!$B$26,M204*L204) -> 0.0023504537 | P204: =MIN(Inputs!$B$26,O204*Inputs!$B$19) -> 0.023504537 | Q204: =MIN(O204,N204*Inputs!$B$21) -> 0.00020815968 | U204: =IF(COUNT(R204:T204)>0,"Published spec (+calc where blank)","Calculated (this workbook)") -> Calculated (this workbook) | V204: =IF(R204="",MAX(P204,W204),R204) -> 0.023504537 | W204: =IF(S204="",O204,S204) -> 0.0023504537 | X204: =IF(T204="",Q204,T204) -> 0.00020815968 | Y204: =IF(S204="","",IF(O204<S204,"Calc STRICTER (lower)","Calc more lenient (higher)")) | Z204: =IF(B204="XL","Hemizygous male AF (grpmax)","grpmax FAF95; check SAS, IndiGen, GenomeIndia") -> grpmax FAF95; check SAS, IndiGen, GenomeIndia
A205: SEMA4A | B205: AD | C205: RP/CRD | D205: =SUMIF(Indian_Gene_Shares!$B$5:$B$47,A205,Indian_Gene_Shares!$G$5:$G$47) -> 0 | E205: =IFERROR(INDEX(ARIDE_Cohort!$C$6:$C$207,MATCH(A205,ARIDE_Cohort!$A$6:$A$207,0)),0) -> 0 | F205: =MAX(Inputs!$B$24,IF(AND(Inputs!$B$29="ARIDE cohort",ARIDE_Cohort!$B$3>=Inputs!$B$30),E205,D205)) -> 0.01 | G205: =IF(AND(Inputs!$B$29="ARIDE cohort",ARIDE_Cohort!$B$3>=Inputs!$B$30),IF(E205>Inputs!$B$24,"ARIDE cohort","Floor (ARIDE share below floor)"),IF(D205>Inputs!$B$24,"Indian literature",IF(D205>0,"Floor (Indian share below floor)","Floor (no Indian data)"))) -> Floor (no Indian data) | H205: =IF(B205="AR",Inputs!$B$14,IF(B205="AD",Inputs!$B$15,Inputs!$B$16)) -> 0.5 | J205: =IF(I205="",H205,I205) -> 0.5 | L205: =IF(K205="",Inputs!$B$20,K205) -> 0.5 | M205: =IF(B205="AR",SQRT(Inputs!$B$9*F205/J205),IF(B205="AD",Inputs!$B$9*F205/(2*J205),2*Inputs!$B$9*F205/J205)) -> 2.2098531e-05 | N205: =IF(B205="AR",IF(Inputs!$B$25=0,SQRT(Inputs!$B$8*F205/J205),(-Inputs!$B$25+SQRT(Inputs!$B$25^2+4*(1-Inputs!$B$25)*Inputs!$B$8*F205/J205))/(2*(1-Inputs!$B$25))),IF(B205="AD",Inputs!$B$8*F205/(2*J205),2*Inputs!$B$8*F205/J205)) -> 1.7332181e-05 | O205: =MIN(Inputs!$B$26,M205*L205) -> 1.1049265e-05 | P205: =MIN(Inputs!$B$26,O205*Inputs!$B$19) -> 0.00011049265 | Q205: =MIN(O205,N205*Inputs!$B$21) -> 8.6660905e-07 | U205: =IF(COUNT(R205:T205)>0,"Published spec (+calc where blank)","Calculated (this workbook)") -> Calculated (this workbook) | V205: =IF(R205="",MAX(P205,W205),R205) -> 0.00011049265 | W205: =IF(S205="",O205,S205) -> 1.1049265e-05 | X205: =IF(T205="",Q205,T205) -> 8.6660905e-07 | Y205: =IF(S205="","",IF(O205<S205,"Calc STRICTER (lower)","Calc more lenient (higher)")) | Z205: =IF(B205="XL","Hemizygous male AF (grpmax)","grpmax FAF95; check SAS, IndiGen, GenomeIndia") -> grpmax FAF95; check SAS, IndiGen, GenomeIndia
A206: SLC24A1 | B206: AR | C206: CSNB | D206: =SUMIF(Indian_Gene_Shares!$B$5:$B$47,A206,Indian_Gene_Shares!$G$5:$G$47) -> 0 | E206: =IFERROR(INDEX(ARIDE_Cohort!$C$6:$C$207,MATCH(A206,ARIDE_Cohort!$A$6:$A$207,0)),0) -> 0 | F206: =MAX(Inputs!$B$24,IF(AND(Inputs!$B$29="ARIDE cohort",ARIDE_Cohort!$B$3>=Inputs!$B$30),E206,D206)) -> 0.01 | G206: =IF(AND(Inputs!$B$29="ARIDE cohort",ARIDE_Cohort!$B$3>=Inputs!$B$30),IF(E206>Inputs!$B$24,"ARIDE cohort","Floor (ARIDE share below floor)"),IF(D206>Inputs!$B$24,"Indian literature",IF(D206>0,"Floor (Indian share below floor)","Floor (no Indian data)"))) -> Floor (no Indian data) | H206: =IF(B206="AR",Inputs!$B$14,IF(B206="AD",Inputs!$B$15,Inputs!$B$16)) -> 1 | J206: =IF(I206="",H206,I206) -> 1 | L206: =IF(K206="",Inputs!$B$20,K206) -> 0.5 | M206: =IF(B206="AR",SQRT(Inputs!$B$9*F206/J206),IF(B206="AD",Inputs!$B$9*F206/(2*J206),2*Inputs!$B$9*F206/J206)) -> 0.0047009074 | N206: =IF(B206="AR",IF(Inputs!$B$25=0,SQRT(Inputs!$B$8*F206/J206),(-Inputs!$B$25+SQRT(Inputs!$B$25^2+4*(1-Inputs!$B$25)*Inputs!$B$8*F206/J206))/(2*(1-Inputs!$B$25))),IF(B206="AD",Inputs!$B$8*F206/(2*J206),2*Inputs!$B$8*F206/J206)) -> 0.0041631936 | O206: =MIN(Inputs!$B$26,M206*L206) -> 0.0023504537 | P206: =MIN(Inputs!$B$26,O206*Inputs!$B$19) -> 0.023504537 | Q206: =MIN(O206,N206*Inputs!$B$21) -> 0.00020815968 | U206: =IF(COUNT(R206:T206)>0,"Published spec (+calc where blank)","Calculated (this workbook)") -> Calculated (this workbook) | V206: =IF(R206="",MAX(P206,W206),R206) -> 0.023504537 | W206: =IF(S206="",O206,S206) -> 0.0023504537 | X206: =IF(T206="",Q206,T206) -> 0.00020815968 | Y206: =IF(S206="","",IF(O206<S206,"Calc STRICTER (lower)","Calc more lenient (higher)")) | Z206: =IF(B206="XL","Hemizygous male AF (grpmax)","grpmax FAF95; check SAS, IndiGen, GenomeIndia") -> grpmax FAF95; check SAS, IndiGen, GenomeIndia
A207: SLC7A14 | B207: AR | C207: RP | D207: =SUMIF(Indian_Gene_Shares!$B$5:$B$47,A207,Indian_Gene_Shares!$G$5:$G$47) -> 0 | E207: =IFERROR(INDEX(ARIDE_Cohort!$C$6:$C$207,MATCH(A207,ARIDE_Cohort!$A$6:$A$207,0)),0) -> 0 | F207: =MAX(Inputs!$B$24,IF(AND(Inputs!$B$29="ARIDE cohort",ARIDE_Cohort!$B$3>=Inputs!$B$30),E207,D207)) -> 0.01 | G207: =IF(AND(Inputs!$B$29="ARIDE cohort",ARIDE_Cohort!$B$3>=Inputs!$B$30),IF(E207>Inputs!$B$24,"ARIDE cohort","Floor (ARIDE share below floor)"),IF(D207>Inputs!$B$24,"Indian literature",IF(D207>0,"Floor (Indian share below floor)","Floor (no Indian data)"))) -> Floor (no Indian data) | H207: =IF(B207="AR",Inputs!$B$14,IF(B207="AD",Inputs!$B$15,Inputs!$B$16)) -> 1 | J207: =IF(I207="",H207,I207) -> 1 | L207: =IF(K207="",Inputs!$B$20,K207) -> 0.5 | M207: =IF(B207="AR",SQRT(Inputs!$B$9*F207/J207),IF(B207="AD",Inputs!$B$9*F207/(2*J207),2*Inputs!$B$9*F207/J207)) -> 0.0047009074 | N207: =IF(B207="AR",IF(Inputs!$B$25=0,SQRT(Inputs!$B$8*F207/J207),(-Inputs!$B$25+SQRT(Inputs!$B$25^2+4*(1-Inputs!$B$25)*Inputs!$B$8*F207/J207))/(2*(1-Inputs!$B$25))),IF(B207="AD",Inputs!$B$8*F207/(2*J207),2*Inputs!$B$8*F207/J207)) -> 0.0041631936 | O207: =MIN(Inputs!$B$26,M207*L207) -> 0.0023504537 | P207: =MIN(Inputs!$B$26,O207*Inputs!$B$19) -> 0.023504537 | Q207: =MIN(O207,N207*Inputs!$B$21) -> 0.00020815968 | U207: =IF(COUNT(R207:T207)>0,"Published spec (+calc where blank)","Calculated (this workbook)") -> Calculated (this workbook) | V207: =IF(R207="",MAX(P207,W207),R207) -> 0.023504537 | W207: =IF(S207="",O207,S207) -> 0.0023504537 | X207: =IF(T207="",Q207,T207) -> 0.00020815968 | Y207: =IF(S207="","",IF(O207<S207,"Calc STRICTER (lower)","Calc more lenient (higher)")) | Z207: =IF(B207="XL","Hemizygous male AF (grpmax)","grpmax FAF95; check SAS, IndiGen, GenomeIndia") -> grpmax FAF95; check SAS, IndiGen, GenomeIndia
A208: SNRNP200 | B208: AD | C208: RP | D208: =SUMIF(Indian_Gene_Shares!$B$5:$B$47,A208,Indian_Gene_Shares!$G$5:$G$47) -> 0 | E208: =IFERROR(INDEX(ARIDE_Cohort!$C$6:$C$207,MATCH(A208,ARIDE_Cohort!$A$6:$A$207,0)),0) -> 0 | F208: =MAX(Inputs!$B$24,IF(AND(Inputs!$B$29="ARIDE cohort",ARIDE_Cohort!$B$3>=Inputs!$B$30),E208,D208)) -> 0.01 | G208: =IF(AND(Inputs!$B$29="ARIDE cohort",ARIDE_Cohort!$B$3>=Inputs!$B$30),IF(E208>Inputs!$B$24,"ARIDE cohort","Floor (ARIDE share below floor)"),IF(D208>Inputs!$B$24,"Indian literature",IF(D208>0,"Floor (Indian share below floor)","Floor (no Indian data)"))) -> Floor (no Indian data) | H208: =IF(B208="AR",Inputs!$B$14,IF(B208="AD",Inputs!$B$15,Inputs!$B$16)) -> 0.5 | J208: =IF(I208="",H208,I208) -> 0.5 | L208: =IF(K208="",Inputs!$B$20,K208) -> 0.5 | M208: =IF(B208="AR",SQRT(Inputs!$B$9*F208/J208),IF(B208="AD",Inputs!$B$9*F208/(2*J208),2*Inputs!$B$9*F208/J208)) -> 2.2098531e-05 | N208: =IF(B208="AR",IF(Inputs!$B$25=0,SQRT(Inputs!$B$8*F208/J208),(-Inputs!$B$25+SQRT(Inputs!$B$25^2+4*(1-Inputs!$B$25)*Inputs!$B$8*F208/J208))/(2*(1-Inputs!$B$25))),IF(B208="AD",Inputs!$B$8*F208/(2*J208),2*Inputs!$B$8*F208/J208)) -> 1.7332181e-05 | O208: =MIN(Inputs!$B$26,M208*L208) -> 1.1049265e-05 | P208: =MIN(Inputs!$B$26,O208*Inputs!$B$19) -> 0.00011049265 | Q208: =MIN(O208,N208*Inputs!$B$21) -> 8.6660905e-07 | U208: =IF(COUNT(R208:T208)>0,"Published spec (+calc where blank)","Calculated (this workbook)") -> Calculated (this workbook) | V208: =IF(R208="",MAX(P208,W208),R208) -> 0.00011049265 | W208: =IF(S208="",O208,S208) -> 1.1049265e-05 | X208: =IF(T208="",Q208,T208) -> 8.6660905e-07 | Y208: =IF(S208="","",IF(O208<S208,"Calc STRICTER (lower)","Calc more lenient (higher)")) | Z208: =IF(B208="XL","Hemizygous male AF (grpmax)","grpmax FAF95; check SAS, IndiGen, GenomeIndia") -> grpmax FAF95; check SAS, IndiGen, GenomeIndia
A209: SPATA7 | B209: AR | C209: LCA/RP | D209: =SUMIF(Indian_Gene_Shares!$B$5:$B$47,A209,Indian_Gene_Shares!$G$5:$G$47) -> 0.00038183891 | E209: =IFERROR(INDEX(ARIDE_Cohort!$C$6:$C$207,MATCH(A209,ARIDE_Cohort!$A$6:$A$207,0)),0) -> 0 | F209: =MAX(Inputs!$B$24,IF(AND(Inputs!$B$29="ARIDE cohort",ARIDE_Cohort!$B$3>=Inputs!$B$30),E209,D209)) -> 0.01 | G209: =IF(AND(Inputs!$B$29="ARIDE cohort",ARIDE_Cohort!$B$3>=Inputs!$B$30),IF(E209>Inputs!$B$24,"ARIDE cohort","Floor (ARIDE share below floor)"),IF(D209>Inputs!$B$24,"Indian literature",IF(D209>0,"Floor (Indian share below floor)","Floor (no Indian data)"))) -> Floor (Indian share below floor) | H209: =IF(B209="AR",Inputs!$B$14,IF(B209="AD",Inputs!$B$15,Inputs!$B$16)) -> 1 | J209: =IF(I209="",H209,I209) -> 1 | L209: =IF(K209="",Inputs!$B$20,K209) -> 0.5 | M209: =IF(B209="AR",SQRT(Inputs!$B$9*F209/J209),IF(B209="AD",Inputs!$B$9*F209/(2*J209),2*Inputs!$B$9*F209/J209)) -> 0.0047009074 | N209: =IF(B209="AR",IF(Inputs!$B$25=0,SQRT(Inputs!$B$8*F209/J209),(-Inputs!$B$25+SQRT(Inputs!$B$25^2+4*(1-Inputs!$B$25)*Inputs!$B$8*F209/J209))/(2*(1-Inputs!$B$25))),IF(B209="AD",Inputs!$B$8*F209/(2*J209),2*Inputs!$B$8*F209/J209)) -> 0.0041631936 | O209: =MIN(Inputs!$B$26,M209*L209) -> 0.0023504537 | P209: =MIN(Inputs!$B$26,O209*Inputs!$B$19) -> 0.023504537 | Q209: =MIN(O209,N209*Inputs!$B$21) -> 0.00020815968 | U209: =IF(COUNT(R209:T209)>0,"Published spec (+calc where blank)","Calculated (this workbook)") -> Calculated (this workbook) | V209: =IF(R209="",MAX(P209,W209),R209) -> 0.023504537 | W209: =IF(S209="",O209,S209) -> 0.0023504537 | X209: =IF(T209="",Q209,T209) -> 0.00020815968 | Y209: =IF(S209="","",IF(O209<S209,"Calc STRICTER (lower)","Calc more lenient (higher)")) | Z209: =IF(B209="XL","Hemizygous male AF (grpmax)","grpmax FAF95; check SAS, IndiGen, GenomeIndia") -> grpmax FAF95; check SAS, IndiGen, GenomeIndia
A210: TIMP3 | B210: AD | C210: MD (Sorsby) | D210: =SUMIF(Indian_Gene_Shares!$B$5:$B$47,A210,Indian_Gene_Shares!$G$5:$G$47) -> 0 | E210: =IFERROR(INDEX(ARIDE_Cohort!$C$6:$C$207,MATCH(A210,ARIDE_Cohort!$A$6:$A$207,0)),0) -> 0 | F210: =MAX(Inputs!$B$24,IF(AND(Inputs!$B$29="ARIDE cohort",ARIDE_Cohort!$B$3>=Inputs!$B$30),E210,D210)) -> 0.01 | G210: =IF(AND(Inputs!$B$29="ARIDE cohort",ARIDE_Cohort!$B$3>=Inputs!$B$30),IF(E210>Inputs!$B$24,"ARIDE cohort","Floor (ARIDE share below floor)"),IF(D210>Inputs!$B$24,"Indian literature",IF(D210>0,"Floor (Indian share below floor)","Floor (no Indian data)"))) -> Floor (no Indian data) | H210: =IF(B210="AR",Inputs!$B$14,IF(B210="AD",Inputs!$B$15,Inputs!$B$16)) -> 0.5 | J210: =IF(I210="",H210,I210) -> 0.5 | L210: =IF(K210="",Inputs!$B$20,K210) -> 0.5 | M210: =IF(B210="AR",SQRT(Inputs!$B$9*F210/J210),IF(B210="AD",Inputs!$B$9*F210/(2*J210),2*Inputs!$B$9*F210/J210)) -> 2.2098531e-05 | N210: =IF(B210="AR",IF(Inputs!$B$25=0,SQRT(Inputs!$B$8*F210/J210),(-Inputs!$B$25+SQRT(Inputs!$B$25^2+4*(1-Inputs!$B$25)*Inputs!$B$8*F210/J210))/(2*(1-Inputs!$B$25))),IF(B210="AD",Inputs!$B$8*F210/(2*J210),2*Inputs!$B$8*F210/J210)) -> 1.7332181e-05 | O210: =MIN(Inputs!$B$26,M210*L210) -> 1.1049265e-05 | P210: =MIN(Inputs!$B$26,O210*Inputs!$B$19) -> 0.00011049265 | Q210: =MIN(O210,N210*Inputs!$B$21) -> 8.6660905e-07 | U210: =IF(COUNT(R210:T210)>0,"Published spec (+calc where blank)","Calculated (this workbook)") -> Calculated (this workbook) | V210: =IF(R210="",MAX(P210,W210),R210) -> 0.00011049265 | W210: =IF(S210="",O210,S210) -> 1.1049265e-05 | X210: =IF(T210="",Q210,T210) -> 8.6660905e-07 | Y210: =IF(S210="","",IF(O210<S210,"Calc STRICTER (lower)","Calc more lenient (higher)")) | Z210: =IF(B210="XL","Hemizygous male AF (grpmax)","grpmax FAF95; check SAS, IndiGen, GenomeIndia") -> grpmax FAF95; check SAS, IndiGen, GenomeIndia
A211: TMEM216 | B211: AR | C211: JS | D211: =SUMIF(Indian_Gene_Shares!$B$5:$B$47,A211,Indian_Gene_Shares!$G$5:$G$47) -> 0 | E211: =IFERROR(INDEX(ARIDE_Cohort!$C$6:$C$207,MATCH(A211,ARIDE_Cohort!$A$6:$A$207,0)),0) -> 0 | F211: =MAX(Inputs!$B$24,IF(AND(Inputs!$B$29="ARIDE cohort",ARIDE_Cohort!$B$3>=Inputs!$B$30),E211,D211)) -> 0.01 | G211: =IF(AND(Inputs!$B$29="ARIDE cohort",ARIDE_Cohort!$B$3>=Inputs!$B$30),IF(E211>Inputs!$B$24,"ARIDE cohort","Floor (ARIDE share below floor)"),IF(D211>Inputs!$B$24,"Indian literature",IF(D211>0,"Floor (Indian share below floor)","Floor (no Indian data)"))) -> Floor (no Indian data) | H211: =IF(B211="AR",Inputs!$B$14,IF(B211="AD",Inputs!$B$15,Inputs!$B$16)) -> 1 | J211: =IF(I211="",H211,I211) -> 1 | L211: =IF(K211="",Inputs!$B$20,K211) -> 0.5 | M211: =IF(B211="AR",SQRT(Inputs!$B$9*F211/J211),IF(B211="AD",Inputs!$B$9*F211/(2*J211),2*Inputs!$B$9*F211/J211)) -> 0.0047009074 | N211: =IF(B211="AR",IF(Inputs!$B$25=0,SQRT(Inputs!$B$8*F211/J211),(-Inputs!$B$25+SQRT(Inputs!$B$25^2+4*(1-Inputs!$B$25)*Inputs!$B$8*F211/J211))/(2*(1-Inputs!$B$25))),IF(B211="AD",Inputs!$B$8*F211/(2*J211),2*Inputs!$B$8*F211/J211)) -> 0.0041631936 | O211: =MIN(Inputs!$B$26,M211*L211) -> 0.0023504537 | P211: =MIN(Inputs!$B$26,O211*Inputs!$B$19) -> 0.023504537 | Q211: =MIN(O211,N211*Inputs!$B$21) -> 0.00020815968 | U211: =IF(COUNT(R211:T211)>0,"Published spec (+calc where blank)","Calculated (this workbook)") -> Calculated (this workbook) | V211: =IF(R211="",MAX(P211,W211),R211) -> 0.023504537 | W211: =IF(S211="",O211,S211) -> 0.0023504537 | X211: =IF(T211="",Q211,T211) -> 0.00020815968 | Y211: =IF(S211="","",IF(O211<S211,"Calc STRICTER (lower)","Calc more lenient (higher)")) | Z211: =IF(B211="XL","Hemizygous male AF (grpmax)","grpmax FAF95; check SAS, IndiGen, GenomeIndia") -> grpmax FAF95; check SAS, IndiGen, GenomeIndia
A212: TMEM67 | B212: AR | C212: JS | D212: =SUMIF(Indian_Gene_Shares!$B$5:$B$47,A212,Indian_Gene_Shares!$G$5:$G$47) -> 0 | E212: =IFERROR(INDEX(ARIDE_Cohort!$C$6:$C$207,MATCH(A212,ARIDE_Cohort!$A$6:$A$207,0)),0) -> 0 | F212: =MAX(Inputs!$B$24,IF(AND(Inputs!$B$29="ARIDE cohort",ARIDE_Cohort!$B$3>=Inputs!$B$30),E212,D212)) -> 0.01 | G212: =IF(AND(Inputs!$B$29="ARIDE cohort",ARIDE_Cohort!$B$3>=Inputs!$B$30),IF(E212>Inputs!$B$24,"ARIDE cohort","Floor (ARIDE share below floor)"),IF(D212>Inputs!$B$24,"Indian literature",IF(D212>0,"Floor (Indian share below floor)","Floor (no Indian data)"))) -> Floor (no Indian data) | H212: =IF(B212="AR",Inputs!$B$14,IF(B212="AD",Inputs!$B$15,Inputs!$B$16)) -> 1 | J212: =IF(I212="",H212,I212) -> 1 | L212: =IF(K212="",Inputs!$B$20,K212) -> 0.5 | M212: =IF(B212="AR",SQRT(Inputs!$B$9*F212/J212),IF(B212="AD",Inputs!$B$9*F212/(2*J212),2*Inputs!$B$9*F212/J212)) -> 0.0047009074 | N212: =IF(B212="AR",IF(Inputs!$B$25=0,SQRT(Inputs!$B$8*F212/J212),(-Inputs!$B$25+SQRT(Inputs!$B$25^2+4*(1-Inputs!$B$25)*Inputs!$B$8*F212/J212))/(2*(1-Inputs!$B$25))),IF(B212="AD",Inputs!$B$8*F212/(2*J212),2*Inputs!$B$8*F212/J212)) -> 0.0041631936 | O212: =MIN(Inputs!$B$26,M212*L212) -> 0.0023504537 | P212: =MIN(Inputs!$B$26,O212*Inputs!$B$19) -> 0.023504537 | Q212: =MIN(O212,N212*Inputs!$B$21) -> 0.00020815968 | U212: =IF(COUNT(R212:T212)>0,"Published spec (+calc where blank)","Calculated (this workbook)") -> Calculated (this workbook) | V212: =IF(R212="",MAX(P212,W212),R212) -> 0.023504537 | W212: =IF(S212="",O212,S212) -> 0.0023504537 | X212: =IF(T212="",Q212,T212) -> 0.00020815968 | Y212: =IF(S212="","",IF(O212<S212,"Calc STRICTER (lower)","Calc more lenient (higher)")) | Z212: =IF(B212="XL","Hemizygous male AF (grpmax)","grpmax FAF95; check SAS, IndiGen, GenomeIndia") -> grpmax FAF95; check SAS, IndiGen, GenomeIndia
... A224: USH1G | B224: AR | C224: USH1 | D224: =SUMIF(Indian_Gene_Shares!$B$5:$B$47,A224,Indian_Gene_Shares!$G$5:$G$47) -> 0 | E224: =IFERROR(INDEX(ARIDE_Cohort!$C$6:$C$207,MATCH(A224,ARIDE_Cohort!$A$6:$A$207,0)),0) -> 0 | F224: =MAX(Inputs!$B$24,IF(AND(Inputs!$B$29="ARIDE cohort",ARIDE_Cohort!$B$3>=Inputs!$B$30),E224,D224)) -> 0.01 | G224: =IF(AND(Inputs!$B$29="ARIDE cohort",ARIDE_Cohort!$B$3>=Inputs!$B$30),IF(E224>Inputs!$B$24,"ARIDE cohort","Floor (ARIDE share below floor)"),IF(D224>Inputs!$B$24,"Indian literature",IF(D224>0,"Floor (Indian share below floor)","Floor (no Indian data)"))) -> Floor (no Indian data) | H224: =IF(B224="AR",Inputs!$B$14,IF(B224="AD",Inputs!$B$15,Inputs!$B$16)) -> 1 | J224: =IF(I224="",H224,I224) -> 1 | L224: =IF(K224="",Inputs!$B$20,K224) -> 0.5 | M224: =IF(B224="AR",SQRT(Inputs!$B$9*F224/J224),IF(B224="AD",Inputs!$B$9*F224/(2*J224),2*Inputs!$B$9*F224/J224)) -> 0.0047009074 | N224: =IF(B224="AR",IF(Inputs!$B$25=0,SQRT(Inputs!$B$8*F224/J224),(-Inputs!$B$25+SQRT(Inputs!$B$25^2+4*(1-Inputs!$B$25)*Inputs!$B$8*F224/J224))/(2*(1-Inputs!$B$25))),IF(B224="AD",Inputs!$B$8*F224/(2*J224),2*Inputs!$B$8*F224/J224)) -> 0.0041631936 | O224: =MIN(Inputs!$B$26,M224*L224) -> 0.0023504537 | P224: =MIN(Inputs!$B$26,O224*Inputs!$B$19) -> 0.023504537 | Q224: =MIN(O224,N224*Inputs!$B$21) -> 0.00020815968 | U224: =IF(COUNT(R224:T224)>0,"Published spec (+calc where blank)","Calculated (this workbook)") -> Calculated (this workbook) | V224: =IF(R224="",MAX(P224,W224),R224) -> 0.023504537 | W224: =IF(S224="",O224,S224) -> 0.0023504537 | X224: =IF(T224="",Q224,T224) -> 0.00020815968 | Y224: =IF(S224="","",IF(O224<S224,"Calc STRICTER (lower)","Calc more lenient (higher)")) | Z224: =IF(B224="XL","Hemizygous male AF (grpmax)","grpmax FAF95; check SAS, IndiGen, GenomeIndia") -> grpmax FAF95; check SAS, IndiGen, GenomeIndia
A225: USH2A | B225: AR | C225: USH2/RP | D225: =SUMIF(Indian_Gene_Shares!$B$5:$B$47,A225,Indian_Gene_Shares!$G$5:$G$47) -> 0.038464096 | E225: =IFERROR(INDEX(ARIDE_Cohort!$C$6:$C$207,MATCH(A225,ARIDE_Cohort!$A$6:$A$207,0)),0) -> 0 | F225: =MAX(Inputs!$B$24,IF(AND(Inputs!$B$29="ARIDE cohort",ARIDE_Cohort!$B$3>=Inputs!$B$30),E225,D225)) -> 0.038464096 | G225: =IF(AND(Inputs!$B$29="ARIDE cohort",ARIDE_Cohort!$B$3>=Inputs!$B$30),IF(E225>Inputs!$B$24,"ARIDE cohort","Floor (ARIDE share below floor)"),IF(D225>Inputs!$B$24,"Indian literature",IF(D225>0,"Floor (Indian share below floor)","Floor (no Indian data)"))) -> Indian literature | H225: =IF(B225="AR",Inputs!$B$14,IF(B225="AD",Inputs!$B$15,Inputs!$B$16)) -> 1 | J225: =IF(I225="",H225,I225) -> 1 | L225: =IF(K225="",Inputs!$B$20,K225) -> 0.5 | M225: =IF(B225="AR",SQRT(Inputs!$B$9*F225/J225),IF(B225="AD",Inputs!$B$9*F225/(2*J225),2*Inputs!$B$9*F225/J225)) -> 0.0092195445 | N225: =IF(B225="AR",IF(Inputs!$B$25=0,SQRT(Inputs!$B$8*F225/J225),(-Inputs!$B$25+SQRT(Inputs!$B$25^2+4*(1-Inputs!$B$25)*Inputs!$B$8*F225/J225))/(2*(1-Inputs!$B$25))),IF(B225="AD",Inputs!$B$8*F225/(2*J225),2*Inputs!$B$8*F225/J225)) -> 0.0081649658 | O225: =MIN(Inputs!$B$26,M225*L225) -> 0.0046097722 | P225: =MIN(Inputs!$B$26,O225*Inputs!$B$19) -> 0.046097722 | Q225: =MIN(O225,N225*Inputs!$B$21) -> 0.00040824829 | R225: 0.005 | S225: 0.003 | T225: 7e-05 | U225: =IF(COUNT(R225:T225)>0,"Published spec (+calc where blank)","Calculated (this workbook)") -> Published spec (+calc where blank) | V225: =IF(R225="",MAX(P225,W225),R225) -> 0.005 | W225: =IF(S225="",O225,S225) -> 0.003 | X225: =IF(T225="",Q225,T225) -> 7e-05 | Y225: =IF(S225="","",IF(O225<S225,"Calc STRICTER (lower)","Calc more lenient (higher)")) -> Calc more lenient (higher) | Z225: =IF(B225="XL","Hemizygous male AF (grpmax)","grpmax FAF95; check SAS, IndiGen, GenomeIndia") -> grpmax FAF95; check SAS, IndiGen, GenomeIndia | AA225: ClinGen Hearing Loss VCEP v2 (AR): BA1 >=0.5%; BS1 >=0.3%; PM2_Sup <=0.007%
A226: WDR19 | B226: AR | C226: SLS/RP | D226: =SUMIF(Indian_Gene_Shares!$B$5:$B$47,A226,Indian_Gene_Shares!$G$5:$G$47) -> 0 | E226: =IFERROR(INDEX(ARIDE_Cohort!$C$6:$C$207,MATCH(A226,ARIDE_Cohort!$A$6:$A$207,0)),0) -> 0 | F226: =MAX(Inputs!$B$24,IF(AND(Inputs!$B$29="ARIDE cohort",ARIDE_Cohort!$B$3>=Inputs!$B$30),E226,D226)) -> 0.01 | G226: =IF(AND(Inputs!$B$29="ARIDE cohort",ARIDE_Cohort!$B$3>=Inputs!$B$30),IF(E226>Inputs!$B$24,"ARIDE cohort","Floor (ARIDE share below floor)"),IF(D226>Inputs!$B$24,"Indian literature",IF(D226>0,"Floor (Indian share below floor)","Floor (no Indian data)"))) -> Floor (no Indian data) | H226: =IF(B226="AR",Inputs!$B$14,IF(B226="AD",Inputs!$B$15,Inputs!$B$16)) -> 1 | J226: =IF(I226="",H226,I226) -> 1 | L226: =IF(K226="",Inputs!$B$20,K226) -> 0.5 | M226: =IF(B226="AR",SQRT(Inputs!$B$9*F226/J226),IF(B226="AD",Inputs!$B$9*F226/(2*J226),2*Inputs!$B$9*F226/J226)) -> 0.0047009074 | N226: =IF(B226="AR",IF(Inputs!$B$25=0,SQRT(Inputs!$B$8*F226/J226),(-Inputs!$B$25+SQRT(Inputs!$B$25^2+4*(1-Inputs!$B$25)*Inputs!$B$8*F226/J226))/(2*(1-Inputs!$B$25))),IF(B226="AD",Inputs!$B$8*F226/(2*J226),2*Inputs!$B$8*F226/J226)) -> 0.0041631936 | O226: =MIN(Inputs!$B$26,M226*L226) -> 0.0023504537 | P226: =MIN(Inputs!$B$26,O226*Inputs!$B$19) -> 0.023504537 | Q226: =MIN(O226,N226*Inputs!$B$21) -> 0.00020815968 | U226: =IF(COUNT(R226:T226)>0,"Published spec (+calc where blank)","Calculated (this workbook)") -> Calculated (this workbook) | V226: =IF(R226="",MAX(P226,W226),R226) -> 0.023504537 | W226: =IF(S226="",O226,S226) -> 0.0023504537 | X226: =IF(T226="",Q226,T226) -> 0.00020815968 | Y226: =IF(S226="","",IF(O226<S226,"Calc STRICTER (lower)","Calc more lenient (higher)")) | Z226: =IF(B226="XL","Hemizygous male AF (grpmax)","grpmax FAF95; check SAS, IndiGen, GenomeIndia") -> grpmax FAF95; check SAS, IndiGen, GenomeIndia
A227: WHRN | B227: AR | C227: USH2 | D227: =SUMIF(Indian_Gene_Shares!$B$5:$B$47,A227,Indian_Gene_Shares!$G$5:$G$47) -> 0 | E227: =IFERROR(INDEX(ARIDE_Cohort!$C$6:$C$207,MATCH(A227,ARIDE_Cohort!$A$6:$A$207,0)),0) -> 0 | F227: =MAX(Inputs!$B$24,IF(AND(Inputs!$B$29="ARIDE cohort",ARIDE_Cohort!$B$3>=Inputs!$B$30),E227,D227)) -> 0.01 | G227: =IF(AND(Inputs!$B$29="ARIDE cohort",ARIDE_Cohort!$B$3>=Inputs!$B$30),IF(E227>Inputs!$B$24,"ARIDE cohort","Floor (ARIDE share below floor)"),IF(D227>Inputs!$B$24,"Indian literature",IF(D227>0,"Floor (Indian share below floor)","Floor (no Indian data)"))) -> Floor (no Indian data) | H227: =IF(B227="AR",Inputs!$B$14,IF(B227="AD",Inputs!$B$15,Inputs!$B$16)) -> 1 | J227: =IF(I227="",H227,I227) -> 1 | L227: =IF(K227="",Inputs!$B$20,K227) -> 0.5 | M227: =IF(B227="AR",SQRT(Inputs!$B$9*F227/J227),IF(B227="AD",Inputs!$B$9*F227/(2*J227),2*Inputs!$B$9*F227/J227)) -> 0.0047009074 | N227: =IF(B227="AR",IF(Inputs!$B$25=0,SQRT(Inputs!$B$8*F227/J227),(-Inputs!$B$25+SQRT(Inputs!$B$25^2+4*(1-Inputs!$B$25)*Inputs!$B$8*F227/J227))/(2*(1-Inputs!$B$25))),IF(B227="AD",Inputs!$B$8*F227/(2*J227),2*Inputs!$B$8*F227/J227)) -> 0.0041631936 | O227: =MIN(Inputs!$B$26,M227*L227) -> 0.0023504537 | P227: =MIN(Inputs!$B$26,O227*Inputs!$B$19) -> 0.023504537 | Q227: =MIN(O227,N227*Inputs!$B$21) -> 0.00020815968 | U227: =IF(COUNT(R227:T227)>0,"Published spec (+calc where blank)","Calculated (this workbook)") -> Calculated (this workbook) | V227: =IF(R227="",MAX(P227,W227),R227) -> 0.023504537 | W227: =IF(S227="",O227,S227) -> 0.0023504537 | X227: =IF(T227="",Q227,T227) -> 0.00020815968 | Y227: =IF(S227="","",IF(O227<S227,"Calc STRICTER (lower)","Calc more lenient (higher)")) | Z227: =IF(B227="XL","Hemizygous male AF (grpmax)","grpmax FAF95; check SAS, IndiGen, GenomeIndia") -> grpmax FAF95; check SAS, IndiGen, GenomeIndia
A228: ZNF408 | B228: AD | C228: FEVR | D228: =SUMIF(Indian_Gene_Shares!$B$5:$B$47,A228,Indian_Gene_Shares!$G$5:$G$47) -> 0 | E228: =IFERROR(INDEX(ARIDE_Cohort!$C$6:$C$207,MATCH(A228,ARIDE_Cohort!$A$6:$A$207,0)),0) -> 0 | F228: =MAX(Inputs!$B$24,IF(AND(Inputs!$B$29="ARIDE cohort",ARIDE_Cohort!$B$3>=Inputs!$B$30),E228,D228)) -> 0.01 | G228: =IF(AND(Inputs!$B$29="ARIDE cohort",ARIDE_Cohort!$B$3>=Inputs!$B$30),IF(E228>Inputs!$B$24,"ARIDE cohort","Floor (ARIDE share below floor)"),IF(D228>Inputs!$B$24,"Indian literature",IF(D228>0,"Floor (Indian share below floor)","Floor (no Indian data)"))) -> Floor (no Indian data) | H228: =IF(B228="AR",Inputs!$B$14,IF(B228="AD",Inputs!$B$15,Inputs!$B$16)) -> 0.5 | J228: =IF(I228="",H228,I228) -> 0.5 | L228: =IF(K228="",Inputs!$B$20,K228) -> 0.5 | M228: =IF(B228="AR",SQRT(Inputs!$B$9*F228/J228),IF(B228="AD",Inputs!$B$9*F228/(2*J228),2*Inputs!$B$9*F228/J228)) -> 2.2098531e-05 | N228: =IF(B228="AR",IF(Inputs!$B$25=0,SQRT(Inputs!$B$8*F228/J228),(-Inputs!$B$25+SQRT(Inputs!$B$25^2+4*(1-Inputs!$B$25)*Inputs!$B$8*F228/J228))/(2*(1-Inputs!$B$25))),IF(B228="AD",Inputs!$B$8*F228/(2*J228),2*Inputs!$B$8*F228/J228)) -> 1.7332181e-05 | O228: =MIN(Inputs!$B$26,M228*L228) -> 1.1049265e-05 | P228: =MIN(Inputs!$B$26,O228*Inputs!$B$19) -> 0.00011049265 | Q228: =MIN(O228,N228*Inputs!$B$21) -> 8.6660905e-07 | U228: =IF(COUNT(R228:T228)>0,"Published spec (+calc where blank)","Calculated (this workbook)") -> Calculated (this workbook) | V228: =IF(R228="",MAX(P228,W228),R228) -> 0.00011049265 | W228: =IF(S228="",O228,S228) -> 1.1049265e-05 | X228: =IF(T228="",Q228,T228) -> 8.6660905e-07 | Y228: =IF(S228="","",IF(O228<S228,"Calc STRICTER (lower)","Calc more lenient (higher)")) | Z228: =IF(B228="XL","Hemizygous male AF (grpmax)","grpmax FAF95; check SAS, IndiGen, GenomeIndia") -> grpmax FAF95; check SAS, IndiGen, GenomeIndia
A229: ZNF513 | B229: AR | C229: RP | D229: =SUMIF(Indian_Gene_Shares!$B$5:$B$47,A229,Indian_Gene_Shares!$G$5:$G$47) -> 0 | E229: =IFERROR(INDEX(ARIDE_Cohort!$C$6:$C$207,MATCH(A229,ARIDE_Cohort!$A$6:$A$207,0)),0) -> 0 | F229: =MAX(Inputs!$B$24,IF(AND(Inputs!$B$29="ARIDE cohort",ARIDE_Cohort!$B$3>=Inputs!$B$30),E229,D229)) -> 0.01 | G229: =IF(AND(Inputs!$B$29="ARIDE cohort",ARIDE_Cohort!$B$3>=Inputs!$B$30),IF(E229>Inputs!$B$24,"ARIDE cohort","Floor (ARIDE share below floor)"),IF(D229>Inputs!$B$24,"Indian literature",IF(D229>0,"Floor (Indian share below floor)","Floor (no Indian data)"))) -> Floor (no Indian data) | H229: =IF(B229="AR",Inputs!$B$14,IF(B229="AD",Inputs!$B$15,Inputs!$B$16)) -> 1 | J229: =IF(I229="",H229,I229) -> 1 | L229: =IF(K229="",Inputs!$B$20,K229) -> 0.5 | M229: =IF(B229="AR",SQRT(Inputs!$B$9*F229/J229),IF(B229="AD",Inputs!$B$9*F229/(2*J229),2*Inputs!$B$9*F229/J229)) -> 0.0047009074 | N229: =IF(B229="AR",IF(Inputs!$B$25=0,SQRT(Inputs!$B$8*F229/J229),(-Inputs!$B$25+SQRT(Inputs!$B$25^2+4*(1-Inputs!$B$25)*Inputs!$B$8*F229/J229))/(2*(1-Inputs!$B$25))),IF(B229="AD",Inputs!$B$8*F229/(2*J229),2*Inputs!$B$8*F229/J229)) -> 0.0041631936 | O229: =MIN(Inputs!$B$26,M229*L229) -> 0.0023504537 | P229: =MIN(Inputs!$B$26,O229*Inputs!$B$19) -> 0.023504537 | Q229: =MIN(O229,N229*Inputs!$B$21) -> 0.00020815968 | U229: =IF(COUNT(R229:T229)>0,"Published spec (+calc where blank)","Calculated (this workbook)") -> Calculated (this workbook) | V229: =IF(R229="",MAX(P229,W229),R229) -> 0.023504537 | W229: =IF(S229="",O229,S229) -> 0.0023504537 | X229: =IF(T229="",Q229,T229) -> 0.00020815968 | Y229: =IF(S229="","",IF(O229<S229,"Calc STRICTER (lower)","Calc more lenient (higher)")) | Z229: =IF(B229="XL","Hemizygous male AF (grpmax)","grpmax FAF95; check SAS, IndiGen, GenomeIndia") -> grpmax FAF95; check SAS, IndiGen, GenomeIndia

Sheet Phenotype_Mix
A1: Phenotype mix of clinically reported IRD cases in India
A2: Source: Elucidating the genetic landscape of inherited retinal disorders in India. Hum Genomics 2026;20:42 (287 publications, 21,158 IRD cases). Counts are literature-reported cases, not a population census.
A4: Code | B4: Phenotype | C4: Reported cases (India) | D4: Fraction of total
A5: RP | B5: Retinitis pigmentosa | C5: 16198 | D5: =C5/$C$14 -> 0.76928191
A6: STGD | B6: Stargardt disease | C6: 2175 | D6: =C6/$C$14 -> 0.10329597
A7: CDD | B7: Cone dysfunction disorders | C7: 957 | D7: =C7/$C$14 -> 0.045450228
A8: USH | B8: Usher syndrome | C8: 841 | D8: =C8/$C$14 -> 0.039941109
A9: BBS | B9: Bardet-Biedl syndrome | C9: 494 | D9: =C9/$C$14 -> 0.023461246
A10: JS | B10: Joubert syndrome (tested) | C10: 138 | D10: =C10/$C$14 -> 0.0065539514
A11: LCA | B11: Leber congenital amaurosis | C11: 134 | D11: =C11/$C$14 -> 0.0063639818
A12: XLRS | B12: X-linked retinoschisis | C12: 110 | D12: =C12/$C$14 -> 0.0052241641
A13: AS | B13: Alstrom syndrome (reports) | C13: 9 | D13: =C13/$C$14 -> 0.00042743161
B14: Total | C14: =SUM(C5:C13) -> 21056 | D14: =SUM(D5:D13) -> 1
A16: Note: Alström count = number of reports (9); Joubert = patients tested. Other IRD phenotypes (CSNB, achromatopsia, choroideremia, FEVR, etc.) were not tallied separately in the source, so their genes fall back to the gene-contribution floor.

Sheet Indian_Gene_Shares
A1: Within-phenotype gene shares reported in Indian IRD cohorts → share of all Indian IRD
A2: Source: Hum Genomics 2026;20:42 (summary of 628 genotyped Indian cases, 120 genes). Share = proportion of genotyped/solved cases (or variants, STGD & USH) within that phenotype. Assumes unsolved cases have the same gene distribution.
A4: Phenotype | B4: Gene | C4: Share within phenotype | D4: n genotyped (basis) | E4: Source detail | F4: Phenotype fraction of all IRD | G4: Contribution to all Indian IRD
A5: RP | B5: CERKL | C5: 0.15 | D5: 178 | E5: ~15% of RP variants | F5: =INDEX(Phenotype_Mix!$D:$D,MATCH(A5,Phenotype_Mix!$A:$A,0)) -> 0.76928191 | G5: =C5*F5 -> 0.11539229
A6: RP | B6: EYS | C6: 0.07 | D6: 178 | E6: >7% | F6: =INDEX(Phenotype_Mix!$D:$D,MATCH(A6,Phenotype_Mix!$A:$A,0)) -> 0.76928191 | G6: =C6*F6 -> 0.053849734
A7: RP | B7: RPE65 | C7: 0.07 | D7: 178 | E7: >7% | F7: =INDEX(Phenotype_Mix!$D:$D,MATCH(A7,Phenotype_Mix!$A:$A,0)) -> 0.76928191 | G7: =C7*F7 -> 0.053849734
A8: RP | B8: USH2A | C8: 0.05 | D8: 178 | E8: ~5% | F8: =INDEX(Phenotype_Mix!$D:$D,MATCH(A8,Phenotype_Mix!$A:$A,0)) -> 0.76928191 | G8: =C8*F8 -> 0.038464096
A9: RP | B9: CRB1 | C9: 0.05 | D9: 178 | E9: ~5% | F9: =INDEX(Phenotype_Mix!$D:$D,MATCH(A9,Phenotype_Mix!$A:$A,0)) -> 0.76928191 | G9: =C9*F9 -> 0.038464096
A10: RP | B10: PROM1 | C10: 0.05 | D10: 178 | E10: ~5% | F10: =INDEX(Phenotype_Mix!$D:$D,MATCH(A10,Phenotype_Mix!$A:$A,0)) -> 0.76928191 | G10: =C10*F10 -> 0.038464096
A11: RP | B11: TULP1 | C11: 0.035 | D11: 178 | E11: >3% (3.5% used) | F11: =INDEX(Phenotype_Mix!$D:$D,MATCH(A11,Phenotype_Mix!$A:$A,0)) -> 0.76928191 | G11: =C11*F11 -> 0.026924867
A12: RP | B12: PRPF31 | C12: 0.035 | D12: 178 | E12: >3% (3.5% used) | F12: =INDEX(Phenotype_Mix!$D:$D,MATCH(A12,Phenotype_Mix!$A:$A,0)) -> 0.76928191 | G12: =C12*F12 -> 0.026924867
A13: RP | B13: RDH12 | C13: 0.035 | D13: 178 | E13: >3% (3.5% used) | F13: =INDEX(Phenotype_Mix!$D:$D,MATCH(A13,Phenotype_Mix!$A:$A,0)) -> 0.76928191 | G13: =C13*F13 -> 0.026924867
A14: RP | B14: RP1 | C14: 0.03 | D14: 178 | E14: ~3% | F14: =INDEX(Phenotype_Mix!$D:$D,MATCH(A14,Phenotype_Mix!$A:$A,0)) -> 0.76928191 | G14: =C14*F14 -> 0.023078457
A15: RP | B15: CNGA1 | C15: 0.03 | D15: 178 | E15: ~3% | F15: =INDEX(Phenotype_Mix!$D:$D,MATCH(A15,Phenotype_Mix!$A:$A,0)) -> 0.76928191 | G15: =C15*F15 -> 0.023078457
A16: RP | B16: FAM161A | C16: 0.03 | D16: 178 | E16: ~3% | F16: =INDEX(Phenotype_Mix!$D:$D,MATCH(A16,Phenotype_Mix!$A:$A,0)) -> 0.76928191 | G16: =C16*F16 -> 0.023078457
... A47: AS | B47: ALMS1 | C47: 1 | D47: 9 | E47: sole gene | F47: =INDEX(Phenotype_Mix!$D:$D,MATCH(A47,Phenotype_Mix!$A:$A,0)) -> 0.00042743161 | G47: =C47*F47 -> 0.00042743161

Sheet ARIDE_Cohort
A1: ARIDE-CAP cohort gene counts (optional override)
A2: Enter the number of SOLVED families per gene (column B). Example: if 14 of your solved families are ABCA4, type 14 against ABCA4. Then on Inputs set 'Gene-contribution source' = ARIDE cohort.
A3: Total solved families: | B3: =SUM(B6:B207) -> 0
A5: Gene | B5: Solved families (enter) | C5: Share of solved cohort
A6: ABCA4 | C6: =IF($B$3>0,B6/$B$3,0) -> 0
A7: ABHD12 | C7: =IF($B$3>0,B7/$B$3,0) -> 0
A8: ADAM9 | C8: =IF($B$3>0,B8/$B$3,0) -> 0
A9: ADGRA3 | C9: =IF($B$3>0,B9/$B$3,0) -> 0
A10: ADGRV1 | C10: =IF($B$3>0,B10/$B$3,0) -> 0
A11: ADIPOR1 | C11: =IF($B$3>0,B11/$B$3,0) -> 0
A12: AGBL5 | C12: =IF($B$3>0,B12/$B$3,0) -> 0
A13: AHI1 | C13: =IF($B$3>0,B13/$B$3,0) -> 0
A14: AHR | C14: =IF($B$3>0,B14/$B$3,0) -> 0
A15: AIPL1 | C15: =IF($B$3>0,B15/$B$3,0) -> 0
A16: ALMS1 | C16: =IF($B$3>0,B16/$B$3,0) -> 0
A17: ARHGEF18 | C17: =IF($B$3>0,B17/$B$3,0) -> 0
... A207: ZNF513 | C207: =IF($B$3>0,B207/$B$3,0) -> 0

Sheet Published_Specs
A1: Published gene-specific or IRD-specific frequency specifications
A3: Gene / scope | B3: Inheritance | C3: BA1 | D3: BS1 | E3: PM2 | F3: Metric | G3: Source
A4: RPE65 | B4: AR | C4: grpmax FAF ≥ 8×10⁻³ | D4: 8×10⁻⁴ to <8×10⁻³ | E4: Supporting: FAF ≤ 2×10⁻⁴ | F4: gnomAD grpmax (PopMax) FAF | G4: ClinGen LCA/EORD VCEP, RPE65 v1.0, approved 24-Oct-2023 (Zenodo 10.5281/zenodo.21434471)
A5: RPGR | B5: XL | C5: >5% in males (default retained) | D5: ≥ 8.3×10⁻⁵ in males | E5: Supporting: ≤ 5×10⁻⁵ in males | F5: Hemizygous male AF, highest subpopulation | G5: ClinGen XLIRD VCEP, RPGR v1.0.0, approved 16-May-2025
A6: RS1 | B6: XL | C6: ≥ 2×10⁻⁴ in males | D6: ≥ 2×10⁻⁵ in males | E6: Supporting: < 2×10⁻⁶ in males | F6: Hemizygous male AF, gnomAD v4.1.0 | G6: ClinGen XLIRD VCEP, RS1 v1.0.0; Hum Genet 2026 (doi 10.1007/s00439-026-02871-0)
A7: ABCA4 | B7: AR | C7: not stated | D7: > 0.0163 in any gnomAD population | E7: Supporting: < 1×10⁻⁴ in all populations | F7: Population-specific gnomAD AF | G7: Cornelis SS et al. Hum Mutat 2023:6815504
A8: USH2A, MYO7A, CDH23 | B8: AR | C8: ≥ 0.5% | D8: ≥ 0.3% | E8: Supporting: ≤ 0.007% | F8: Highest-population AF | G8: ClinGen Hearing Loss VCEP v2.0.0 (2022); Oza AM et al. Hum Mutat 2018;39:1593-1613
A9: All IRD genes (Japan) | B9: AR | C9: > 0.001 | D9: not specified | E9: < 0.00002 | F9: gnomAD / HGVD / ToMMo | G9: Fujinami K et al. Jpn J Ophthalmol 2024;68:389-399
A10: All IRD genes (Japan) | B10: AD | C10: > 0.0003 | D10: not specified | E10: < 0.00001 | F10: gnomAD / HGVD / ToMMo | G10: Fujinami K et al. Jpn J Ophthalmol 2024;68:389-399

Sheet Methods
A1: Methods — how each cut-off is calculated
A3: Step 1 — Prevalence of IRD in India (P).
A4: Population-based studies report RP prevalence of 0.10–0.17% in Indian adults. RP makes up the 'RP share' of reported Indian IRD cases (Phenotype_Mix). Total IRD prevalence = RP prevalence ÷ RP share. Each criterion uses the prevalence that errs toward safety: BS1 and BA1 use the UPPER estimate (highest RP prevalence), so benign ceilings are never too low; PM2 uses the POINT estimate (mean), plus the optional inbreeding coefficient.
A6: Step 2 — Gene contribution (g) = the fraction of all Indian IRD caused by this gene.
A7: g = Σ over phenotypes [ (phenotype fraction of all IRD) × (gene share within that phenotype) ]. Example: ABCA4 = STGD fraction × 0.89 + cone-dysfunction fraction × 0.196. Genes without Indian data (or with smaller shares) get the floor (default 1%).
A9: Step 3 — Maximum credible total pathogenic allele frequency in the gene (Q). Whiffin et al. 2017, adapted by inheritance:
A10: Autosomal recessive: prevalence due to gene = penetrance × Q² → Q = √(P × g / penetrance). With inbreeding coefficient F: P×g/pen = (1–F)Q² + F·Q → Q = [–F + √(F² + 4(1–F)·P·g/pen)] / [2(1–F)].
A11: Autosomal dominant: each affected person carries one allele out of two → Q = P × g / (2 × penetrance).
A12: X-linked (male AF): almost all affected are males, so prevalence among males ≈ 2P → Q_male = 2 × P × g / penetrance.
A14: Step 4 — Single-variant ceilings.
A15: BS1 = Q(upper P, F = 0) × allelic share (default 0.5, or gene override). This is the Whiffin 'maximum credible population allele frequency': no single pathogenic variant should be more common than this.
A16: BA1 = BS1 × 10 (capped at 5%). This follows the ClinGen RPE65 and RS1 expert panels, which both set BA1 one order of magnitude above BS1, leaving a safety margin for model error.
... A25: • Indian gene shares derive from published literature (628 genotyped cases), with publication and ascertainment bias; replace with ARIDE-CAP data when available. • RP prevalence studies are in adults and may miss early-lethal syndromic forms. • Mixed AR/AD genes are given the same g for both modes. • Hypomorphic and reduced-penetrance alleles violate the model's assumptions. • gnomAD under-represents Indian sub-populations; founder alleles can be locally frequent in specific communities (endogamy).

Sheet References
A1: References
A3: 1 | B3: Whiffin N, Minikel E, Walsh R, et al. Using high-resolution variant frequencies to empower clinical genome interpretation. Genet Med 2017;19(10):1151-1158. doi:10.1038/gim.2017.26 (maximum credible allele frequency framework; calculator at cardiodb.org/allelefrequencyapp).
A4: 2 | B4: Richards S, Aziz N, Bale S, et al. Standards and guidelines for the interpretation of sequence variants (ACMG/AMP). Genet Med 2015;17(5):405-424.
A5: 3 | B5: Elucidating the genetic landscape of inherited retinal disorders in India. Hum Genomics 2026;20:42. doi:10.1186/s40246-025-00903-w (Indian phenotype mix and gene shares).
A6: 4 | B6: Sen P, Bhargava A, George R, et al. Prevalence of retinitis pigmentosa in South Indian population aged above 40 years. Ophthalmic Epidemiol 2008;15(4):279-281.
A7: 5 | B7: Nangia V, Jonas JB, et al. Prevalence of retinitis pigmentosa in India: the Central India Eye and Medical Study. Acta Ophthalmol 2012;90(8):e649-e650.
A8: 6 | B8: Genetics of Inherited Retinal Diseases in Understudied Populations. Front Genet 2022;13:858556 (summary of Indian prevalence incl. APEDS; CERKL founder allele, Sen et al. 2020).
A9: 7 | B9: Visual impairment and blindness due to retinitis pigmentosa in India: 15-year follow-up of the Andhra Pradesh Eye Disease Study cohort. Indian J Ophthalmol 2023 (PubMed 36872706).
A10: 8 | B10: ClinGen Leber Congenital Amaurosis/early onset Retinal Dystrophy VCEP. Specifications to the ACMG/AMP guidelines for RPE65, v1.0 (approved 24-Oct-2023). doi:10.5281/zenodo.21434471.
A11: 9 | B11: ClinGen X-linked Inherited Retinal Disease VCEP. Specifications for RPGR v1.0.0 (approved 16-May-2025) and RS1 v1.0.0. ClinGen Criteria Specification Registry.
A12: 10 | B12: Development of RS1-specific ACMG/AMP variant classification criteria with pilot variant curation. Hum Genet 2026. doi:10.1007/s00439-026-02871-0.
A13: 11 | B13: Cornelis SS, et al. Compendium of clinical variant classification for 2,246 unique ABCA4 variants ... using a modified ACMG/AMP framework. Hum Mutat 2023:6815504. doi:10.1155/2023/6815504.
A14: 12 | B14: Oza AM, DiStefano MT, Hemphill SE, et al. Expert specification of the ACMG/AMP variant interpretation guidelines for genetic hearing loss. Hum Mutat 2018;39(11):1593-1613; ClinGen HL VCEP specifications v2.0.0 (2022).
... A18: 16 | B18: RetNet — Retinal Information Network (sph.uth.edu/retnet) — source of the IRD gene list.
